{
  "runtime": {
    "baseline": {
      "tsvr": 0.6598202824133504,
      "oasg": 0.0115532734274711,
      "cva": 1.0,
      "gdq": 0.0605577205601972,
      "intervention_rate": 0.0,
      "audit_completeness": 0.0,
      "recovery_latency": 0.0,
      "n_steps": 9348
    },
    "orius": {
      "tsvr": 0.6275139067180145,
      "oasg": 0.1157466837826273,
      "cva": 1.0,
      "gdq": 0.0255776351056428,
      "intervention_rate": 0.9017971758664955,
      "audit_completeness": 1.0,
      "recovery_latency": 0.0,
      "n_steps": 9348
    }
  },
  "training_rows": 12,
  "runtime_trace_rows": 18696,
  "split_counts": {
    "calibration": 205,
    "test": 228,
    "train": 1328,
    "val": 214
  },
  "mean_widening_factor": 1.2277934005931597,
  "max_widened_coverage": 0.9780701754385964,
  "raw_file_count": 7,
  "raw_file_hashes": {
    "validation_tfexample.tfrecord-00000-of-00150": "8312d3677738f656f5f9786188c892a550ad9c58d6b44e6ded0af34f1fd8d974",
    "validation_tfexample.tfrecord-00001-of-00150": "d66494f5e4f8982aab0438f389041c1b5994cef5bdedfc717d78d699f90df7fe",
    "validation_tfexample.tfrecord-00002-of-00150": "8d95d2cc219ca5f4d871dc9f21da9f4aa1ab0505fed274bf66bee4e21af48430",
    "validation_tfexample.tfrecord-00003-of-00150": "6cbc086ab50572e1c3fb7f75ec7055044217700f9768b1d6268a45941874d0df",
    "validation_tfexample.tfrecord-00004-of-00150": "08fe35f8d8aa6c4fcf601f93926a04e94d857225708065ba1928d24a92e160e4",
    "validation_tfexample.tfrecord-00005-of-00150": "7d2310366dbd06af855d81dccbc7846dc8f4c9c616336625d6db7a2fcf18e0b5",
    "validation_tfexample.tfrecord-00006-of-00150": "ee7d70e9f300d8f7b9a05c2b7763b2c584f3224610c7aec262a2856ad03219cf"
  }
}