n_events,threshold,tp,fp,fn,tn,precision,recall
300,0.6,48,6,4,242,0.8888888888888888,0.9230769230769231
