region,target,rmse,mae,mape,smape,r2
DE,load_mw,262.011016,166.324751,0.003530,0.003521,0.999150
DE,wind_mw,219.107578,129.362277,0.027885,0.024100,0.999074
DE,solar_mw,240.353210,117.319337,32602460.145666,0.692360,0.999301
DE,price_eur_mwh,4.998528,2.328736,1.446679,0.101619,0.897270
US_MISO,load_mw,182.227318,134.311474,0.001741,0.001741,0.999358
US_MISO,wind_mw,334.280453,183.727117,788697459.210243,0.022836,0.997561
US_MISO,solar_mw,211.661104,73.222615,15132125.075995,0.478704,0.995545
