perturbation_pct,n_trials,infeasible_count,infeasible_rate,mean_cost,mean_regret,p95_regret
0.0,20,0,0.0,29867189.566521745,0.0,0.0
5.0,20,0,0.0,29865680.094397776,-1509.4721239643172,479260.87170984794
10.0,20,0,0.0,29799125.60918466,-68063.95733708105,1478765.3410183107
15.0,20,0,0.0,29729332.055079985,-137857.51144175493,1361809.5254126755
20.0,20,0,0.0,29771441.185021497,-95748.38150024545,1789443.143538552
25.0,20,0,0.0,29832902.943062413,-34286.62345932629,2258589.35787206
30.0,20,0,0.0,30066333.41582694,199143.84930520243,3636142.7840089053
