target,track,model,rmse,mae,picp_90,mean_interval_width
load_mw,raw_sequence,patchtst_reliability_conditioned,7307.174636256546,5431.6322259312965,0.7378808864265928,16445.364865571617
load_mw,engineered_tabular,gbm,256.30623919216544,162.4705277063764,0.9301587301587302,1285.3276850103239
wind_mw,raw_sequence,patchtst_reliability_conditioned,7506.128125490434,5997.479188533371,0.6410433979686058,15688.542397961392
wind_mw,engineered_tabular,gbm,164.21516335137915,101.87676068947098,0.9531746031746032,1016.357808949526
solar_mw,raw_sequence,patchtst_reliability_conditioned,3608.3977930364367,2309.7698977128675,0.8551477377654663,9222.679103819617
solar_mw,engineered_tabular,gbm,239.64890930065394,120.17720571990318,0.8043650793650794,1204.4246774000392
