bucket,count,predicted_w_mean,target_w_mean,mae,fault_rate
low,25,0.1337316483259201,0.08800000000000001,0.11438308876752852,0.96
mid,8,0.6293100118637085,0.6759616995866398,0.4200589989607235,0.25
high,2319,0.906741201877594,0.8972660443331666,0.16093692936510753,0.14014661492022423
