target,slice,picp_90,mean_interval_width,n
load_mw,high_reliability,0.7378808864265928,16445.365234375,8664
wind_mw,calm,0.6255683805526407,15523.240234375,5718
wind_mw,gusty,0.6710794297352343,16009.3818359375,2946
solar_mw,daytime,0.7968113374667848,10590.09765625,5645
solar_mw,nighttime,0.9642265650877774,6665.845703125,3019
