target,track,model,rmse,mae,picp_90,mean_interval_width
load_mw,raw_sequence,patchtst_reliability_conditioned,6346.555446428644,5006.178536454727,0.796398891966759,17025.51367097328
load_mw,engineered_tabular,gbm,262.01101551930395,166.32475144339458,0.8821428571428571,1070.15878420007
wind_mw,raw_sequence,patchtst_reliability_conditioned,7427.658257360262,5866.864002231306,0.7174515235457064,16672.473581978047
wind_mw,engineered_tabular,gbm,219.1075784147325,129.3622766969851,0.9369047619047619,833.865010235966
solar_mw,raw_sequence,patchtst_reliability_conditioned,3302.0409673740355,2227.9347723488827,0.8180978762696214,8507.230256409086
solar_mw,engineered_tabular,gbm,240.35320950771336,117.3193371819155,0.7876984126984127,1037.7308100656908
