target,slice,picp_90,mean_interval_width,n
load_mw,high_reliability,0.6109576427255985,19907.845703125,2172
wind_mw,calm,0.7397069085833915,15027.5224609375,1433
wind_mw,gusty,0.6644113667117727,16378.455078125,739
solar_mw,daytime,0.7890855457227138,11848.2490234375,1356
solar_mw,nighttime,0.9963235294117647,8455.107421875,816
