target,track,model,rmse,mae,picp_90,mean_interval_width
load_mw,raw_sequence,patchtst_reliability_conditioned,7414.478973795682,5204.866005913329,0.6109576427255985,19907.845775063306
load_mw,engineered_tabular,gbm,305.1209624375309,187.86941461742373,0.8821428571428571,1070.15878420007
wind_mw,raw_sequence,patchtst_reliability_conditioned,6564.913488268973,5091.293921820147,0.7140883977900553,15487.163632668624
wind_mw,engineered_tabular,gbm,219.1075784147325,129.3622766969851,0.9369047619047619,833.865010235966
solar_mw,raw_sequence,patchtst_reliability_conditioned,3769.458784120962,2533.2727122124056,0.8669429097605893,10573.4772957087
solar_mw,engineered_tabular,gbm,240.35320950771336,117.3193371819155,0.7876984126984127,1037.7308100656908
