bucket,count,predicted_w_mean,target_w_mean,mae,fault_rate
high,2352,0.9108193516731262,0.8879114159886509,0.16222787759279916,0.14923469387755103
