bucket,count,predicted_w_mean,target_w_mean,mae,fault_rate
mid,48,0.6573236584663391,0.49136246657295324,0.3685289593445926,0.4791666666666667
high,2304,0.9166720509529114,0.8961728524348112,0.156967693475827,0.1423611111111111
