controller,tsvr,oasg,cva,gdq,intervention_rate,audit_completeness,recovery_latency,n_steps
deep:dc3s_ftit,0.0,0.0,0.9930555555555555,0.8289425104186382,0.020833333333333332,1.0,0.0,288
deep:dc3s_wrapped,0.0,0.0,0.9791666666666666,1.0,0.0,1.0,0.0,288
heuristic:dc3s_ftit,0.0,0.0,0.9930555555555555,0.8289425104186382,0.020833333333333332,1.0,0.0,288
heuristic:dc3s_wrapped,0.0,0.0,0.9791666666666666,1.0,0.0,1.0,0.0,288
