region,target,rmse,mae,mape,smape,r2
DE,load_mw,265.930019,173.248888,0.003651,0.003642,0.999125
DE,wind_mw,177.177500,108.204207,0.024462,0.021226,0.999395
DE,solar_mw,242.831114,122.036066,30093277.856271,0.691284,0.999286
DE,price_eur_mwh,4.963302,2.302577,1.349003,0.100134,0.898712
US_MISO,load_mw,182.227318,134.311474,0.001741,0.001741,0.999358
US_MISO,wind_mw,334.280453,183.727117,788697459.210243,0.022836,0.997561
US_MISO,solar_mw,211.661104,73.222615,15132125.075995,0.478704,0.995545
