target,regime,picp_group_90,width_group_mean,n
load_mw,low,0.801887,2146.591173,424
load_mw,mid,0.825472,2304.630095,424
load_mw,high,0.806604,2344.560284,424
wind_mw,low,0.488208,464.396404,424
wind_mw,mid,0.396226,285.215800,424
wind_mw,high,0.410377,380.895575,424
solar_mw,low,0.903302,795.801288,424
solar_mw,mid,0.886792,868.901375,424
solar_mw,high,0.816038,853.159251,424
