controller,true_soc_violation_rate_mean,true_soc_violation_rate_ci_low,true_soc_violation_rate_ci_high,true_soc_violation_severity_p95_mean,true_soc_violation_severity_p95_ci_low,true_soc_violation_severity_p95_ci_high,intervention_rate_mean,intervention_rate_ci_low,intervention_rate_ci_high,cost_delta_pct_mean
aci_conformal,0.000000,0.000000,0.000000,0.000000,0.000000,0.000000,0.000000,0.000000,0.000000,-0.000027
cvar_interval,0.013095,0.011111,0.014881,7.185929,0.164013,21.188159,0.000000,0.000000,0.000000,-0.000111
dc3s_ftit,0.000000,0.000000,0.000000,0.000000,0.000000,0.000000,0.018849,0.014881,0.022619,0.002662
dc3s_wrapped,0.000000,0.000000,0.000000,0.000000,0.000000,0.000000,0.000198,0.000000,0.000595,0.000507
deterministic_lp,0.007540,0.005357,0.009921,0.147200,0.102324,0.192937,0.000000,0.000000,0.000000,0.000000
robust_fixed_interval,0.013095,0.011111,0.014881,7.185929,0.164013,21.188159,0.000000,0.000000,0.000000,-0.000111
scenario_mpc,0.000000,0.000000,0.000000,0.000000,0.000000,0.000000,0.000000,0.000000,0.000000,-0.000024
scenario_robust,0.000000,0.000000,0.000000,0.000000,0.000000,0.000000,0.000000,0.000000,0.000000,-0.000027
