target,track,model,rmse,mae,picp_90,mean_interval_width
load_mw,raw_sequence,patchtst_reliability_conditioned,6157.49513400301,4716.085006925207,0.8160203139427517,16035.373822804853
load_mw,engineered_tabular,gbm,305.1209624375309,187.86941461742373,0.8821428571428571,1070.15878420007
wind_mw,raw_sequence,patchtst_reliability_conditioned,7477.68911089589,5976.748087903249,0.6026084949215144,13900.226039558896
wind_mw,engineered_tabular,gbm,219.1075784147325,129.3622766969851,0.9369047619047619,833.865010235966
solar_mw,raw_sequence,patchtst_reliability_conditioned,3466.7106932500783,2351.012143009147,0.8609187442289935,9733.444846522225
solar_mw,engineered_tabular,gbm,240.35320950771336,117.3193371819155,0.7876984126984127,1037.7308100656908
