baseline_cost_usd,orius_cost_usd,cost_savings_pct,baseline_carbon_kg,orius_carbon_kg,carbon_reduction_pct,baseline_peak_mw,orius_peak_mw,peak_shaving_pct,oracle_cost_usd,oracle_gap_pct,carbon_source
155149015.93,138658355.32046497,10.628917309391946,1798244455.2500932,1858870160.5372658,-3.371382856772994,52165.0,45559.947132711495,12.661847727956493,154760487.675,-10.40455002206366,average
