baseline_cost_usd,optimized_cost_usd,cost_savings_usd,cost_savings_pct,baseline_carbon_kg,optimized_carbon_kg,carbon_reduction_kg,carbon_reduction_pct
313922207.57,309682581.7290926,4239625.840907395,1.3505339025631125,2735349208.128285,2731872749.441111,3476458.6871738434,0.12709377935523913
