baseline_cost_usd,gridpulse_cost_usd,cost_savings_pct,baseline_carbon_kg,gridpulse_carbon_kg,carbon_reduction_pct,baseline_peak_mw,gridpulse_peak_mw,peak_shaving_pct,oracle_cost_usd,oracle_gap_pct,carbon_source
154773462.72,143776429.87944284,7.105244430986107,1461641243.2827778,1457205025.3145804,0.30350935898837994,52165.0,48969.37430220756,6.125995778380988,152331496.60047305,-5.616085256135821,average
