baseline_cost_usd,gridpulse_cost_usd,cost_savings_pct,baseline_carbon_kg,gridpulse_carbon_kg,carbon_reduction_pct,baseline_peak_mw,gridpulse_peak_mw,peak_shaving_pct,oracle_cost_usd,oracle_gap_pct,carbon_source
154773462.72,144129302.89036956,6.877251204805527,1461641243.2827778,1459870646.5308242,0.12113757463335698,52165.0,49151.35904943632,5.777132081977718,152331496.60047305,-5.384437160501193,average
