{
  "device": "cpu",
  "quantiles": [
    0.1,
    0.5,
    0.9
  ],
  "targets": {
    "load_mw": {
      "n_features": 93,
      "gbm": {
        "rmse": 264.32353412796346,
        "mae": 170.5295762706364,
        "mape": 0.003591733650770361,
        "smape": 0.003583125331086765,
        "r2": 0.9991333522736934,
        "model": "gbm_lightgbm",
        "residual_quantiles": {
          "0.1": -352.9411896922363,
          "0.5": -4.461022865645646,
          "0.9": 289.4676567591814
        },
        "tuned_params": null,
        "quantile_models": null
      },
      "lstm": {
        "rmse": 3474.776266889287,
        "mae": 2722.500057873343,
        "mape": 0.05412533668377964,
        "smape": 0.05375660029301429,
        "r2": 0.8497777231565307
      },
      "tcn": {
        "rmse": 2668.052692101338,
        "mae": 2031.1189882503816,
        "mape": 0.038934521011744765,
        "smape": 0.039438962013668165,
        "r2": 0.9114335062874906
      }
    },
    "wind_mw": {
      "n_features": 93,
      "gbm": {
        "rmse": 313.5176191729132,
        "mae": 192.59631528733968,
        "mape": 0.03725628458882124,
        "smape": 0.03262027838602134,
        "r2": 0.9980891949481526,
        "daylight_mape": 0.03725628458882124,
        "model": "gbm_lightgbm",
        "residual_quantiles": {
          "0.1": -593.95136312918,
          "0.5": -97.73821940178095,
          "0.9": 328.89012645466215
        },
        "tuned_params": null,
        "quantile_models": null
      },
      "lstm": {
        "rmse": 6735.07009751006,
        "mae": 5511.226734264865,
        "mape": 1.4094474308126195,
        "smape": 0.6084608518120028,
        "r2": 0.15451288034157873,
        "daylight_mape": 1.4094474308126195
      },
      "tcn": {
        "rmse": 9196.156140506526,
        "mae": 7167.4122668564605,
        "mape": 1.6537467556241543,
        "smape": 0.7667156554333923,
        "r2": -0.5762874888879739,
        "daylight_mape": 1.6537467556241543
      }
    },
    "solar_mw": {
      "n_features": 93,
      "gbm": {
        "rmse": 255.000023026807,
        "mae": 122.6094263117571,
        "mape": 35259682.487961374,
        "smape": 0.6897009114352846,
        "r2": 0.9992013483844525,
        "daylight_mape": 0.08331199328431814,
        "model": "gbm_lightgbm",
        "residual_quantiles": {
          "0.1": -158.3757090548944,
          "0.5": 0.22151257371153485,
          "0.9": 347.65268245202765
        },
        "tuned_params": null,
        "quantile_models": null
      },
      "lstm": {
        "rmse": 4079.379640875171,
        "mae": 2835.7400333226856,
        "mape": 5215103.425959513,
        "smape": 1.0944293937695597,
        "r2": 0.8006554579546091,
        "daylight_mape": 5215103.425959513
      },
      "tcn": {
        "rmse": 3006.7451233891106,
        "mae": 2009.5950846992325,
        "mape": 2912810.8970445017,
        "smape": 0.9721751549480074,
        "r2": 0.8917047690771843,
        "daylight_mape": 2912810.8970445017
      }
    },
    "price_eur_mwh": {
      "n_features": 93,
      "gbm": {
        "rmse": 4.981924216687146,
        "mae": 2.3188363422779177,
        "mape": 1.304233696559393,
        "smape": 0.10214205335770767,
        "r2": 0.8962277234900322,
        "model": "gbm_lightgbm",
        "residual_quantiles": {
          "0.1": -5.330161318882207,
          "0.5": -1.3008881657116618,
          "0.9": 3.938509201199104
        },
        "tuned_params": null,
        "quantile_models": null
      }
    }
  },
  "manifest_id": "20260216_093833"
}