{
  "device": "cpu",
  "quantiles": [
    0.1,
    0.5,
    0.9
  ],
  "targets": {
    "load_mw": {
      "n_features": 93,
      "gbm": {
        "rmse": 267.50996312219684,
        "mae": 167.49140642626713,
        "mape": 0.0035116406790806354,
        "smape": 0.0035023723719414864,
        "r2": 0.9991123313948057,
        "model": "gbm_lightgbm",
        "residual_quantiles": {
          "0.1": -321.5649122158487,
          "0.5": -11.60681356908026,
          "0.9": 254.51900762229198
        },
        "tuned_params": {
          "n_estimators": 1467,
          "learning_rate": 0.01563815390453937,
          "max_depth": 9,
          "num_leaves": 71,
          "min_child_samples": 15,
          "subsample": 0.85,
          "colsample_bytree": 0.85,
          "reg_alpha": 0.1,
          "reg_lambda": 1.0,
          "verbosity": -1,
          "feature_fraction_seed": 42,
          "bagging_seed": 42,
          "random_state": 42
        },
        "quantile_models": [
          "0.1",
          "0.5",
          "0.9"
        ]
      },
      "lstm": {
        "rmse": 3474.776266889287,
        "mae": 2722.500057873343,
        "mape": 0.05412533668377964,
        "smape": 0.05375660029301429,
        "r2": 0.8497777231565307,
        "residual_quantiles": {
          "0.1": -5445.172859391378,
          "0.5": -1165.3242774972423,
          "0.9": 2842.83174797405
        }
      },
      "tcn": {
        "rmse": 2668.052692101338,
        "mae": 2031.1189882503816,
        "mape": 0.038934521011744765,
        "smape": 0.039438962013668165,
        "r2": 0.9114335062874906,
        "residual_quantiles": {
          "0.1": -4189.13884400986,
          "0.5": -951.7076661477731,
          "0.9": 2618.184065939604
        }
      }
    },
    "wind_mw": {
      "n_features": 93,
      "gbm": {
        "rmse": 183.9305042033171,
        "mae": 118.18776499596973,
        "mape": 0.02599257803801949,
        "smape": 0.022895253969732902,
        "r2": 0.999342342164799,
        "daylight_mape": 0.02599257803801949,
        "model": "gbm_lightgbm",
        "residual_quantiles": {
          "0.1": -293.4944095273684,
          "0.5": -42.683036080874444,
          "0.9": 221.9484334492831
        },
        "tuned_params": {
          "n_estimators": 1828,
          "learning_rate": 0.006247153953572005,
          "max_depth": 13,
          "num_leaves": 77,
          "min_child_samples": 15,
          "subsample": 0.85,
          "colsample_bytree": 0.85,
          "reg_alpha": 0.1,
          "reg_lambda": 1.0,
          "verbosity": -1,
          "feature_fraction_seed": 42,
          "bagging_seed": 42,
          "random_state": 42
        },
        "quantile_models": [
          "0.1",
          "0.5",
          "0.9"
        ]
      },
      "lstm": {
        "rmse": 6735.07009751006,
        "mae": 5511.226734264865,
        "mape": 1.4094474308126195,
        "smape": 0.6084608518120028,
        "r2": 0.15451288034157873,
        "daylight_mape": 1.4094474308126195,
        "residual_quantiles": {
          "0.1": -8420.408541365061,
          "0.5": -529.7056884324566,
          "0.9": 9803.219171269955
        }
      },
      "tcn": {
        "rmse": 9196.156140506526,
        "mae": 7167.4122668564605,
        "mape": 1.6537467556241543,
        "smape": 0.7667156554333923,
        "r2": -0.5762874888879739,
        "daylight_mape": 1.6537467556241543,
        "residual_quantiles": {
          "0.1": -9603.867138661475,
          "0.5": -606.5757903273152,
          "0.9": 11675.072768546612
        }
      }
    },
    "solar_mw": {
      "n_features": 93,
      "gbm": {
        "rmse": 251.43813800279966,
        "mae": 121.22254576412709,
        "mape": 45890919.30939417,
        "smape": 0.6927383785850142,
        "r2": 0.9992235039711433,
        "daylight_mape": 0.09792229506310599,
        "model": "gbm_lightgbm",
        "residual_quantiles": {
          "0.1": -165.26736642178366,
          "0.5": 0.4049781051222688,
          "0.9": 336.6570324356428
        },
        "tuned_params": {
          "n_estimators": 1319,
          "learning_rate": 0.022900272038469668,
          "max_depth": 15,
          "num_leaves": 114,
          "min_child_samples": 15,
          "subsample": 0.85,
          "colsample_bytree": 0.85,
          "reg_alpha": 0.1,
          "reg_lambda": 1.0,
          "verbosity": -1,
          "feature_fraction_seed": 42,
          "bagging_seed": 42,
          "random_state": 42
        },
        "quantile_models": [
          "0.1",
          "0.5",
          "0.9"
        ]
      },
      "lstm": {
        "rmse": 4079.379640875171,
        "mae": 2835.7400333226856,
        "mape": 5215103.425959513,
        "smape": 1.0944293937695597,
        "r2": 0.8006554579546091,
        "daylight_mape": 5215103.425959513,
        "residual_quantiles": {
          "0.1": -2943.5309089066836,
          "0.5": -150.53046549350756,
          "0.9": 5135.828010808102
        }
      },
      "tcn": {
        "rmse": 2702.340459129023,
        "mae": 1583.0471632632803,
        "mape": 1011461.2194118587,
        "smape": 0.937588029476364,
        "r2": 0.9125225271498788,
        "daylight_mape": 1011461.2194118587,
        "residual_quantiles": {
          "0.1": -2359.358945120609,
          "0.5": -126.55343760881397,
          "0.9": 4381.220867700387
        }
      }
    },
    "price_eur_mwh": {
      "n_features": 93,
      "gbm": {
        "rmse": 4.90166279190016,
        "mae": 2.2603988824297865,
        "mape": 1.2447705727615472,
        "smape": 0.10129373329932408,
        "r2": 0.8995444416237063,
        "model": "gbm_lightgbm",
        "residual_quantiles": {
          "0.1": -5.183093744319417,
          "0.5": -1.2180667897917417,
          "0.9": 3.3866735416803997
        },
        "tuned_params": {
          "n_estimators": 1168,
          "learning_rate": 0.010053695060810405,
          "max_depth": 8,
          "num_leaves": 428,
          "min_child_samples": 15,
          "subsample": 0.85,
          "colsample_bytree": 0.85,
          "reg_alpha": 0.1,
          "reg_lambda": 1.0,
          "verbosity": -1,
          "feature_fraction_seed": 42,
          "bagging_seed": 42,
          "random_state": 42
        },
        "quantile_models": [
          "0.1",
          "0.5",
          "0.9"
        ]
      },
      "lstm": {
        "rmse": 15.745267361234376,
        "mae": 11.810835123831138,
        "mape": 3.3893327357625957,
        "smape": 0.4359062882395699,
        "r2": 0.0018025100991719833,
        "residual_quantiles": {
          "0.1": -14.599572220692714,
          "0.5": -0.20253025306355,
          "0.9": 12.162807766821173
        }
      },
      "tcn": {
        "rmse": 15.048323745361216,
        "mae": 11.133609856148544,
        "mape": 3.2727786337676092,
        "smape": 0.41141928883047696,
        "r2": 0.08821457383253095,
        "residual_quantiles": {
          "0.1": -13.882258628268799,
          "0.5": -0.3191880582035509,
          "0.9": 12.971818563338044
        }
      }
    }
  },
  "manifest_id": "20260217_015515"
}