{
  "device": "cpu",
  "quantiles": [
    0.1,
    0.5,
    0.9
  ],
  "targets": {
    "load_mw": {
      "n_features": 53,
      "gbm": {
        "rmse": 305.1209624375309,
        "mae": 187.86941461742373,
        "mape": 0.003911572495132256,
        "smape": 0.003903913775710714,
        "r2": 0.9988479560783289,
        "model": "gbm_sklearn_hgbrt",
        "ensemble_members": 1,
        "residual_quantiles": {
          "0.1": -377.56404608942245,
          "0.5": -21.553047500594403,
          "0.9": 316.37014154864886
        },
        "tuned_params": null,
        "tuning_meta": null,
        "quantile_models": [
          "0.1",
          "0.5",
          "0.9"
        ],
        "seed_member_metrics": [
          {
            "seed": 42,
            "val_rmse": 402.7991946145934,
            "val_mae": 244.87492637635114
          }
        ],
        "uncertainty": {
          "picp_90": 0.8821428571428571,
          "picp_95": null,
          "mean_interval_width": 1070.15878420007,
          "pinball_loss_q05": 43.098675915644996,
          "pinball_loss_q50": 115.95192766914016,
          "pinball_loss_q95": 38.40313916236868,
          "pinball_loss_mean": 65.81791424905128,
          "winkler_score_90": 1625.059699061058
        }
      },
      "nbeats": {
        "rmse": 3834.9989289671275,
        "mae": 3141.9828470834927,
        "mape": 0.06073790731652637,
        "smape": 0.06334658722851647,
        "r2": 0.8171737395713405
      },
      "tft": {
        "rmse": 8986.547287121532,
        "mae": 7939.828262523263,
        "mape": 0.1604818069539302,
        "smape": 0.1561407871747522,
        "r2": -0.003907757128038591
      },
      "patchtst": {
        "rmse": 5660.764357567655,
        "mae": 4702.48419347189,
        "mape": 0.08755996888561209,
        "smape": 0.09297393711770467,
        "r2": 0.6016560406872167
      }
    },
    "wind_mw": {
      "n_features": 53,
      "gbm": {
        "rmse": 219.1075784147325,
        "mae": 129.3622766969851,
        "mape": 0.027884827851954033,
        "smape": 0.024099812028293276,
        "r2": 0.9990741506507228,
        "daylight_mape": 0.027884827851954033,
        "model": "gbm_lightgbm",
        "ensemble_members": 1,
        "residual_quantiles": {
          "0.1": -285.92549943919823,
          "0.5": -9.008312594298332,
          "0.9": 189.56323923737304
        },
        "tuned_params": null,
        "tuning_meta": null,
        "quantile_models": [
          "0.1",
          "0.5",
          "0.9"
        ],
        "seed_member_metrics": [
          {
            "seed": 42,
            "val_rmse": 240.9286899649743,
            "val_mae": 157.43107871926847
          }
        ],
        "uncertainty": {
          "picp_90": 0.9369047619047619,
          "picp_95": null,
          "mean_interval_width": 833.865010235966,
          "pinball_loss_q05": 25.14033090804345,
          "pinball_loss_q50": 78.52224582708975,
          "pinball_loss_q95": 26.66871957802381,
          "pinball_loss_mean": 43.443765437719,
          "winkler_score_90": 1035.561975347452
        }
      },
      "nbeats": {
        "rmse": 7481.904703751449,
        "mae": 6142.425161888723,
        "mape": 1.6538168922166725,
        "smape": 0.6728316687711736,
        "r2": -0.0258182510122813,
        "daylight_mape": 1.6538168922166725
      },
      "tft": {
        "rmse": 7320.3438961429,
        "mae": 5958.948133400825,
        "mape": 1.5197525078976903,
        "smape": 0.66080558320702,
        "r2": 0.01800552409252698,
        "daylight_mape": 1.5197525078976903
      },
      "patchtst": {
        "rmse": 7417.620654403452,
        "mae": 6108.6819578473,
        "mape": 1.666638998412205,
        "smape": 0.673291991827862,
        "r2": -0.008266447985515013,
        "daylight_mape": 1.666638998412205
      }
    },
    "solar_mw": {
      "n_features": 53,
      "gbm": {
        "rmse": 240.35320950771336,
        "mae": 117.3193371819155,
        "mape": 32602460.145666324,
        "smape": 0.6923604514515829,
        "r2": 0.9993005047379279,
        "daylight_mape": 0.08864876944143797,
        "model": "gbm_lightgbm",
        "ensemble_members": 1,
        "residual_quantiles": {
          "0.1": -203.0553858169236,
          "0.5": 0.5548455440312233,
          "0.9": 374.51407751813207
        },
        "tuned_params": null,
        "tuning_meta": null,
        "quantile_models": [
          "0.1",
          "0.5",
          "0.9"
        ],
        "seed_member_metrics": [
          {
            "seed": 42,
            "val_rmse": 471.58501068115373,
            "val_mae": 201.15845609792976
          }
        ],
        "uncertainty": {
          "picp_90": 0.7876984126984127,
          "picp_95": null,
          "mean_interval_width": 1037.7308100656908,
          "pinball_loss_q05": 51.49577675536693,
          "pinball_loss_q50": 126.89345821478743,
          "pinball_loss_q95": 64.58843033141295,
          "pinball_loss_mean": 80.99255510052244,
          "winkler_score_90": 2294.1869400555215
        }
      },
      "nbeats": {
        "rmse": 2920.2461104784193,
        "mae": 1815.5492276656976,
        "mape": 2206931.1444454975,
        "smape": 0.982141984592179,
        "r2": 0.8958370089119584,
        "daylight_mape": 2206931.1444454975
      },
      "tft": {
        "rmse": 9020.788896708711,
        "mae": 7911.670528465601,
        "mape": 31616053.520476427,
        "smape": 1.3014320127051373,
        "r2": 0.006052207920577146,
        "daylight_mape": 31616053.520476427
      },
      "patchtst": {
        "rmse": 3365.943939522834,
        "mae": 2183.189572123709,
        "mape": 2692679.389838296,
        "smape": 1.0909832808645556,
        "r2": 0.8616152317038547,
        "daylight_mape": 2692679.389838296
      }
    },
    "price_eur_mwh": {
      "n_features": 53,
      "gbm": {
        "rmse": 4.998528372562706,
        "mae": 2.328736454310254,
        "mape": 1.446678693662406,
        "smape": 0.10161859846727576,
        "r2": 0.8972695658299985,
        "model": "gbm_lightgbm",
        "ensemble_members": 1,
        "residual_quantiles": {
          "0.1": -5.651800192756973,
          "0.5": -1.264136078242446,
          "0.9": 3.423537655964969
        },
        "tuned_params": null,
        "tuning_meta": null,
        "quantile_models": [
          "0.1",
          "0.5",
          "0.9"
        ],
        "seed_member_metrics": [
          {
            "seed": 42,
            "val_rmse": 5.637386170276779,
            "val_mae": 3.496855234764969
          }
        ]
      }
    }
  },
  "manifest_id": "20260402_190446"
}