{
  "device": "cpu",
  "quantiles": [
    0.1,
    0.5,
    0.9
  ],
  "targets": {
    "load_mw": {
      "n_features": 35,
      "gbm": {
        "rmse": 210.0583597847119,
        "mape": 0.0025260273299586872,
        "model": "gbm_lightgbm",
        "residual_quantiles": {
          "0.1": -152.12079765161906,
          "0.5": 1.9656717396428576,
          "0.9": 153.04547043121065
        },
        "mae": 125.83129029468961,
        "smape": 0.0025181018323605663
      },
      "lstm": {
        "rmse": 3324.7741898278246,
        "mape": 0.048398699978655056,
        "residual_quantiles": {
          "0.1": 42591.09375,
          "0.5": 54870.47265625,
          "0.9": 67901.3359375
        },
        "mae": 2427.2819398445417,
        "smape": 0.046478936281032765
      },
      "tcn": {
        "rmse": 3336.2361574586353,
        "mape": 0.04999548592999707,
        "residual_quantiles": {
          "0.1": -9749.5361328125,
          "0.5": -2113.1953125,
          "0.9": 5586.6640625
        },
        "mae": 2458.659096972831,
        "smape": 0.04798872277537601
      }
    },
    "wind_mw": {
      "n_features": 35,
      "gbm": {
        "rmse": 457.3359549872597,
        "mape": 0.009233442289595661,
        "model": "gbm_lightgbm",
        "residual_quantiles": {
          "0.1": -96.92521871407207,
          "0.5": 0.1385711241782701,
          "0.9": 95.89310423629306
        },
        "mae": 154.55677808860673,
        "smape": 0.009106595579560053
      },
      "lstm": {
        "rmse": 18551.547585777156,
        "mape": 1.0000009399094407,
        "residual_quantiles": {
          "0.1": 3130.62109375,
          "0.5": 10381.7861328125,
          "0.9": 25911.595703125
        },
        "mae": 14868.944211844477,
        "smape": 1.9999955567755237
      },
      "tcn": {
        "rmse": 18403.257204187536,
        "mape": 1.037937590694127,
        "residual_quantiles": {
          "0.1": -7588.427734375,
          "0.5": -838.732421875,
          "0.9": 10413.896484375
        },
        "mae": 14855.032618050021,
        "smape": 1.892701527748823
      }
    },
    "solar_mw": {
      "n_features": 35,
      "gbm": {
        "rmse": 10122.507403779273,
        "mape": 0.5888454802640442,
        "model": "gbm_lightgbm",
        "residual_quantiles": {
          "0.1": -104.80328948642087,
          "0.5": -0.3871124610328201,
          "0.9": 130.45479599808226
        },
        "mae": 5727.020342179711,
        "smape": 1.1776909601703751,
        "daylight_mape": 1.0
      },
      "lstm": {
        "rmse": 10242.553489606169,
        "mape": 972791.2319070074,
        "residual_quantiles": {
          "0.1": -153.7853546142578,
          "0.5": 454.79974365234375,
          "0.9": 18539.85546875
        },
        "mae": 5840.8395899559755,
        "smape": 1.9991410136551238,
        "daylight_mape": 0.9999319494500374
      },
      "tcn": {
        "rmse": 10141.583763747207,
        "mape": 9422616164.30947,
        "residual_quantiles": {
          "0.1": -579.0913696289062,
          "0.5": 1003.65625,
          "0.9": 4440.69580078125
        },
        "mae": 5877.463442260229,
        "smape": 1.9003787874511744,
        "daylight_mape": 6.424446696664806
      }
    }
  }
}