{
  "device": "cpu",
  "quantiles": [
    0.1,
    0.5,
    0.9
  ],
  "targets": {
    "load_mw": {
      "n_features": 56,
      "gbm": {
        "rmse": 9045.830791045504,
        "mae": 7448.375079337761,
        "mape": 0.1697144917325564,
        "smape": 0.15023520409253882,
        "r2": -0.058028358450134876,
        "model": "gbm_lightgbm",
        "ensemble_members": 1,
        "residual_quantiles": {
          "0.1": -9364.09889745303,
          "0.5": 293.3823574249618,
          "0.9": 11899.294196862034
        },
        "tuned_params": null,
        "tuning_meta": null,
        "quantile_models": null,
        "seed_member_metrics": [
          {
            "seed": 42,
            "val_rmse": 8147.23891162356,
            "val_mae": 7002.286431497035
          }
        ]
      }
    }
  },
  "manifest_id": "20260226_174418"
}