{
  "device": "cpu",
  "quantiles": [
    0.1,
    0.5,
    0.9
  ],
  "targets": {
    "load_mw": {
      "n_features": 55,
      "gbm": {
        "rmse": 261.9013026862777,
        "mae": 153.72911980681192,
        "mape": 0.003275942934649663,
        "smape": 0.0032671543645541898,
        "model": "gbm_lightgbm",
        "residual_quantiles": {
          "0.1": -299.43897486056375,
          "0.5": -8.76010093386867,
          "0.9": 208.6572638459242
        },
        "tuned_params": {
          "n_estimators": 980,
          "learning_rate": 0.010884763514770837,
          "max_depth": 10,
          "num_leaves": 128,
          "min_child_samples": 20,
          "subsample": 0.9,
          "colsample_bytree": 0.9,
          "reg_alpha": 0.05,
          "reg_lambda": 0.5,
          "verbosity": -1,
          "random_state": 42
        }
      },
      "lstm": {
        "rmse": 3653.033580802336,
        "mae": 2943.7813178683728,
        "mape": 0.059251385023769206,
        "smape": 0.06014463366141743,
        "residual_quantiles": {
          "0.1": -5794.003895596804,
          "0.5": -509.43528736583175,
          "0.9": 4332.55494414856
        }
      },
      "tcn": {
        "rmse": 4962.79349858157,
        "mae": 3989.2522238461424,
        "mape": 0.08602321931475024,
        "smape": 0.08067873718563466,
        "residual_quantiles": {
          "0.1": -9105.06879584238,
          "0.5": -2049.9643213568015,
          "0.9": 2541.722074399382
        }
      }
    },
    "wind_mw": {
      "n_features": 55,
      "gbm": {
        "rmse": 130.1893791929321,
        "mae": 91.25972294820731,
        "mape": 0.02280878448806715,
        "smape": 0.020061795705913564,
        "model": "gbm_lightgbm",
        "residual_quantiles": {
          "0.1": -187.5457522077218,
          "0.5": -8.441893749071824,
          "0.9": 160.58133745974018
        },
        "tuned_params": {
          "n_estimators": 422,
          "learning_rate": 0.16781284601659546,
          "max_depth": 10,
          "num_leaves": 128,
          "min_child_samples": 20,
          "subsample": 0.9,
          "colsample_bytree": 0.9,
          "reg_alpha": 0.05,
          "reg_lambda": 0.5,
          "verbosity": -1,
          "random_state": 42
        }
      },
      "lstm": {
        "rmse": 5679.480870237086,
        "mae": 4071.257203924327,
        "mape": 0.7740500115709378,
        "smape": 0.5083383266432826,
        "residual_quantiles": {
          "0.1": -6781.276531391835,
          "0.5": 165.48375861134627,
          "0.9": 9148.738667449745
        }
      },
      "tcn": {
        "rmse": 7000.6263935145225,
        "mae": 5123.859590274129,
        "mape": 0.9154126142363062,
        "smape": 0.6195663481721845,
        "residual_quantiles": {
          "0.1": -9549.368418380245,
          "0.5": 243.02311548717262,
          "0.9": 12028.79877488871
        }
      }
    },
    "solar_mw": {
      "n_features": 55,
      "gbm": {
        "rmse": 239.01965918961375,
        "mae": 116.19207100407529,
        "mape": 56895606.614095934,
        "smape": 0.6909447680075763,
        "daylight_mape": 0.09616268073085278,
        "model": "gbm_lightgbm",
        "residual_quantiles": {
          "0.1": -173.36010200369302,
          "0.5": -0.1512424810187829,
          "0.9": 291.6662075515845
        },
        "tuned_params": {
          "n_estimators": 843,
          "learning_rate": 0.03754927562796052,
          "max_depth": 10,
          "num_leaves": 128,
          "min_child_samples": 20,
          "subsample": 0.9,
          "colsample_bytree": 0.9,
          "reg_alpha": 0.05,
          "reg_lambda": 0.5,
          "verbosity": -1,
          "random_state": 42
        }
      },
      "lstm": {
        "rmse": 3821.059423253299,
        "mae": 2586.159735480109,
        "mape": 2613868.237764853,
        "smape": 1.0953148448816592,
        "daylight_mape": 2613868.237764853,
        "residual_quantiles": {
          "0.1": -3445.99400409171,
          "0.5": 179.59973439276064,
          "0.9": 5806.381847284501
        }
      },
      "tcn": {
        "rmse": 2515.3953881901975,
        "mae": 1574.5808193708394,
        "mape": 1944896.6379839387,
        "smape": 0.9570789863073993,
        "daylight_mape": 1944896.6379839387,
        "residual_quantiles": {
          "0.1": -2460.567309222722,
          "0.5": 216.35261471948752,
          "0.9": 4190.3833833225035
        }
      }
    },
    "price_eur_mwh": {
      "n_features": 55,
      "gbm": {
        "rmse": 4.812599391054528,
        "mae": 2.2489778882166065,
        "mape": 1.2021980876479732,
        "smape": 0.09730134244183289,
        "model": "gbm_lightgbm",
        "residual_quantiles": {
          "0.1": -4.984572102434982,
          "0.5": -0.902755059736613,
          "0.9": 4.383067193874012
        },
        "tuned_params": {
          "n_estimators": 699,
          "learning_rate": 0.011623542188250407,
          "max_depth": 10,
          "num_leaves": 128,
          "min_child_samples": 20,
          "subsample": 0.9,
          "colsample_bytree": 0.9,
          "reg_alpha": 0.05,
          "reg_lambda": 0.5,
          "verbosity": -1,
          "random_state": 42
        }
      },
      "lstm": {
        "rmse": 11.737287891372155,
        "mae": 7.611077518620933,
        "mape": 3.264897758229742,
        "smape": 0.2670704591377959,
        "residual_quantiles": {
          "0.1": -14.00304407906911,
          "0.5": -3.8803053065791975,
          "0.9": 7.462861696920797
        }
      },
      "tcn": {
        "rmse": 13.122512085608344,
        "mae": 8.992771791608991,
        "mape": 4.111139251504774,
        "smape": 0.3038820732168579,
        "residual_quantiles": {
          "0.1": -14.865630563658474,
          "0.5": -1.7177577824481887,
          "0.9": 8.761907364103863
        }
      }
    }
  }
}