{
  "device": "cpu",
  "quantiles": [
    0.1,
    0.5,
    0.9
  ],
  "targets": {
    "load_mw": {
      "n_features": 53,
      "gbm": {
        "rmse": 305.1209624375309,
        "mae": 187.86941461742373,
        "mape": 0.003911572495132256,
        "smape": 0.003903913775710714,
        "r2": 0.9988479560783289,
        "model": "gbm_sklearn_hgbrt",
        "ensemble_members": 1,
        "residual_quantiles": {
          "0.1": -377.56404608942245,
          "0.5": -21.553047500594403,
          "0.9": 316.37014154864886
        },
        "tuned_params": null,
        "tuning_meta": null,
        "quantile_models": [
          "0.1",
          "0.5",
          "0.9"
        ],
        "seed_member_metrics": [
          {
            "seed": 42,
            "val_rmse": 402.7991946145934,
            "val_mae": 244.87492637635114
          }
        ],
        "uncertainty": {
          "picp_90": 0.8821428571428571,
          "picp_95": null,
          "mean_interval_width": 1070.15878420007,
          "pinball_loss_q05": null,
          "pinball_loss_q50": null,
          "pinball_loss_q95": null,
          "pinball_loss_mean": null,
          "winkler_score_90": null
        }
      },
      "nbeats": {
        "rmse": 3646.2813440775776,
        "mae": 2897.931830401579,
        "mape": 0.05611493093836337,
        "smape": 0.05842906163946666,
        "r2": 0.8347245179442068
      },
      "tft": {
        "rmse": 8996.048465327724,
        "mae": 7892.515856717142,
        "mape": 0.16064577377806163,
        "smape": 0.15522967587094355,
        "r2": -0.006031674856654234
      },
      "patchtst": {
        "rmse": 4087.856999164547,
        "mae": 3142.774383116903,
        "mape": 0.059458884017828506,
        "smape": 0.062241690325248525,
        "r2": 0.7922698801727844
      }
    },
    "wind_mw": {
      "n_features": 53,
      "gbm": {
        "rmse": 219.1075784147325,
        "mae": 129.3622766969851,
        "mape": 0.027884827851954033,
        "smape": 0.024099812028293276,
        "r2": 0.9990741506507228,
        "daylight_mape": 0.027884827851954033,
        "model": "gbm_lightgbm",
        "ensemble_members": 1,
        "residual_quantiles": {
          "0.1": -285.92549943919823,
          "0.5": -9.008312594298332,
          "0.9": 189.56323923737304
        },
        "tuned_params": null,
        "tuning_meta": null,
        "quantile_models": [
          "0.1",
          "0.5",
          "0.9"
        ],
        "seed_member_metrics": [
          {
            "seed": 42,
            "val_rmse": 240.9286899649743,
            "val_mae": 157.43107871926847
          }
        ],
        "uncertainty": {
          "picp_90": 0.9369047619047619,
          "picp_95": null,
          "mean_interval_width": 833.865010235966,
          "pinball_loss_q05": null,
          "pinball_loss_q50": null,
          "pinball_loss_q95": null,
          "pinball_loss_mean": null,
          "winkler_score_90": null
        }
      },
      "nbeats": {
        "rmse": 7571.148082326869,
        "mae": 6232.122707659645,
        "mape": 1.6735142389130495,
        "smape": 0.6776443360312809,
        "r2": -0.05043590389977348,
        "daylight_mape": 1.6735142389130495
      },
      "tft": {
        "rmse": 7312.885898839694,
        "mae": 5540.71355039805,
        "mape": 1.147260565436826,
        "smape": 0.63802250253213,
        "r2": 0.02000542618499468,
        "daylight_mape": 1.147260565436826
      },
      "patchtst": {
        "rmse": 7383.74255383858,
        "mae": 5974.24413670895,
        "mape": 1.5482969554967791,
        "smape": 0.6652359681965024,
        "r2": 0.0009225234100893598,
        "daylight_mape": 1.5482969554967791
      }
    },
    "solar_mw": {
      "n_features": 53,
      "gbm": {
        "rmse": 240.35320950771336,
        "mae": 117.3193371819155,
        "mape": 32602460.145666324,
        "smape": 0.6923604514515829,
        "r2": 0.9993005047379279,
        "daylight_mape": 0.08864876944143797,
        "model": "gbm_lightgbm",
        "ensemble_members": 1,
        "residual_quantiles": {
          "0.1": -203.0553858169236,
          "0.5": 0.5548455440312233,
          "0.9": 374.51407751813207
        },
        "tuned_params": null,
        "tuning_meta": null,
        "quantile_models": [
          "0.1",
          "0.5",
          "0.9"
        ],
        "seed_member_metrics": [
          {
            "seed": 42,
            "val_rmse": 471.58501068115373,
            "val_mae": 201.15845609792976
          }
        ],
        "uncertainty": {
          "picp_90": 0.7876984126984127,
          "picp_95": null,
          "mean_interval_width": 1037.7308100656908,
          "pinball_loss_q05": null,
          "pinball_loss_q50": null,
          "pinball_loss_q95": null,
          "pinball_loss_mean": null,
          "winkler_score_90": null
        }
      },
      "nbeats": {
        "rmse": 3441.4465020394996,
        "mae": 2192.564640844372,
        "mape": 2473086.952341414,
        "smape": 1.04797523091076,
        "r2": 0.8553372956725804,
        "daylight_mape": 2473086.952341414
      },
      "tft": {
        "rmse": 9067.28453351178,
        "mae": 8041.595454347984,
        "mape": 34046116.259454444,
        "smape": 1.2870201512143018,
        "r2": -0.0042203605959070245,
        "daylight_mape": 34046116.259454444
      },
      "patchtst": {
        "rmse": 3136.9355579539033,
        "mae": 2030.2183818457377,
        "mape": 3157307.047928045,
        "smape": 1.0223736653780242,
        "r2": 0.8798051864213841,
        "daylight_mape": 3157307.047928045
      }
    },
    "price_eur_mwh": {
      "n_features": 53,
      "gbm": {
        "rmse": 4.998528372562706,
        "mae": 2.328736454310254,
        "mape": 1.446678693662406,
        "smape": 0.10161859846727576,
        "r2": 0.8972695658299985,
        "model": "gbm_lightgbm",
        "ensemble_members": 1,
        "residual_quantiles": {
          "0.1": -5.651800192756973,
          "0.5": -1.264136078242446,
          "0.9": 3.423537655964969
        },
        "tuned_params": null,
        "tuning_meta": null,
        "quantile_models": [
          "0.1",
          "0.5",
          "0.9"
        ],
        "seed_member_metrics": [
          {
            "seed": 42,
            "val_rmse": 5.637386170276779,
            "val_mae": 3.496855234764969
          }
        ]
      }
    }
  },
  "manifest_id": "20260312_044025"
}