{
  "device": "cpu",
  "quantiles": [
    0.1,
    0.5,
    0.9
  ],
  "targets": {
    "load_mw": {
      "n_features": 53,
      "gbm": {
        "rmse": 265.93001899393346,
        "mae": 173.24888820203043,
        "mape": 0.003651284512438472,
        "smape": 0.003642035022672027,
        "r2": 0.9991248959880784,
        "model": "gbm_lightgbm",
        "ensemble_members": 1,
        "cv_results": {
          "rmse_mean": 483.6246695509991,
          "rmse_std": 376.2182095531109,
          "rmse_min": 245.52815895590996,
          "rmse_max": 1527.118026311157,
          "mae_mean": 312.21542540303824,
          "mae_std": 234.38190519260363,
          "mae_min": 167.5964432255789,
          "mae_max": 989.8736767415666,
          "mape_mean": 0.006022443817929868,
          "mape_std": 0.004413274709451162,
          "mape_min": 0.0031898224466515982,
          "mape_max": 0.01856594887564752,
          "smape_mean": 0.00598091166840614,
          "smape_std": 0.004345351265792488,
          "smape_min": 0.0031903657320787567,
          "smape_max": 0.01834972188366863,
          "r2_mean": 0.9961515144427597,
          "r2_std": 0.0063939532341281274,
          "r2_min": 0.9776612863768541,
          "r2_max": 0.999454233391437
        },
        "residual_quantiles": {
          "0.1": -428.38964789138697,
          "0.5": -6.108360617559811,
          "0.9": 360.55061148852695
        },
        "tuned_params": "not_applicable",
        "tuning_meta": "not_applicable",
        "quantile_models": [
          "0.1",
          "0.5",
          "0.9"
        ],
        "seed_member_metrics": [
          {
            "seed": 42,
            "val_rmse": 443.68711263665483,
            "val_mae": 275.67230606574986
          }
        ],
        "uncertainty": {
          "picp_90": 0.9325396825396826,
          "picp_95": "not_applicable",
          "mean_interval_width": 1290.899311131661,
          "pinball_loss_q05": 43.99942010814644,
          "pinball_loss_q50": 121.74292151968335,
          "pinball_loss_q95": 41.04775799610747,
          "pinball_loss_mean": 68.93003320797908,
          "winkler_score_90": 1699.784848069746
        }
      }
    },
    "wind_mw": {
      "n_features": 53,
      "gbm": {
        "rmse": 177.17750007987777,
        "mae": 108.20420696771001,
        "mape": 0.024461710483876926,
        "smape": 0.0212260673095586,
        "r2": 0.9993945996511967,
        "daylight_mape": 0.024461710483876926,
        "model": "gbm_lightgbm",
        "ensemble_members": 1,
        "cv_results": {
          "rmse_mean": 389.47932826015165,
          "rmse_std": 296.08854390417963,
          "rmse_min": 137.39657165388417,
          "rmse_max": 1208.83537903651,
          "mae_mean": 241.06948939140415,
          "mae_std": 153.0049372925904,
          "mae_min": 99.09796889445586,
          "mae_max": 640.6966124614489,
          "mape_mean": 0.02230772359113045,
          "mape_std": 0.007085886295919592,
          "mape_min": 0.010584498004469502,
          "mape_max": 0.03389367381720528,
          "smape_mean": 0.021444775770923987,
          "smape_std": 0.006653667974519929,
          "smape_min": 0.01059042749826214,
          "smape_max": 0.03150480311575832,
          "r2_mean": 0.9977246240881457,
          "r2_std": 0.0032073103623736932,
          "r2_min": 0.9883297436437807,
          "r2_max": 0.9995467988915173,
          "daylight_mape_mean": 0.02230772359113045,
          "daylight_mape_std": 0.007085886295919592,
          "daylight_mape_min": 0.010584498004469502,
          "daylight_mape_max": 0.03389367381720528
        },
        "residual_quantiles": {
          "0.1": -233.6703623436404,
          "0.5": -35.76710723553515,
          "0.9": 122.68530120030155
        },
        "tuned_params": "not_applicable",
        "tuning_meta": "not_applicable",
        "quantile_models": [
          "0.1",
          "0.5",
          "0.9"
        ],
        "seed_member_metrics": [
          {
            "seed": 42,
            "val_rmse": 202.12082806465972,
            "val_mae": 128.30710980082034
          }
        ],
        "uncertainty": {
          "picp_90": 0.953968253968254,
          "picp_95": "not_applicable",
          "mean_interval_width": 925.8561721049231,
          "pinball_loss_q05": 26.41316709588999,
          "pinball_loss_q50": 75.38024602425355,
          "pinball_loss_q95": 25.843524006220832,
          "pinball_loss_mean": 42.54564570878812,
          "winkler_score_90": 1045.133822042216
        }
      }
    },
    "solar_mw": {
      "n_features": 53,
      "gbm": {
        "rmse": 242.8311136728299,
        "mae": 122.03606588572772,
        "mape": 30093277.856271327,
        "smape": 0.6912835064209579,
        "r2": 0.9992860076001423,
        "daylight_mape": 0.08764578744646839,
        "model": "gbm_lightgbm",
        "ensemble_members": 1,
        "cv_results": {
          "rmse_mean": 412.62161156249306,
          "rmse_std": 425.49022059442274,
          "rmse_min": 102.65297124728424,
          "rmse_max": 1630.3313663679114,
          "mae_mean": 173.81811030603475,
          "mae_std": 156.8330873183034,
          "mae_min": 38.68738836493689,
          "mae_max": 617.840243373389,
          "mape_mean": 153768772.09439406,
          "mape_std": 141744804.92553997,
          "mape_min": 41513292.485743836,
          "mape_max": 433398696.4528586,
          "smape_mean": 0.9471421974679147,
          "smape_std": 0.25553649459109606,
          "smape_min": 0.596666347063777,
          "smape_max": 1.3119502981555706,
          "r2_mean": 0.9925214331577118,
          "r2_std": 0.011261835194208132,
          "r2_min": 0.9623309054503807,
          "r2_max": 0.9993019805703457,
          "daylight_mape_mean": 0.20291556445828474,
          "daylight_mape_std": 0.09828038017146382,
          "daylight_mape_min": 0.08641668348076903,
          "daylight_mape_max": 0.37610832998328425
        },
        "residual_quantiles": {
          "0.1": -237.4677153420618,
          "0.5": -0.3338456284521472,
          "0.9": 344.31778138645865
        },
        "tuned_params": "not_applicable",
        "tuning_meta": "not_applicable",
        "quantile_models": [
          "0.1",
          "0.5",
          "0.9"
        ],
        "seed_member_metrics": [
          {
            "seed": 42,
            "val_rmse": 475.84027528317677,
            "val_mae": 205.4762784405461
          }
        ],
        "uncertainty": {
          "picp_90": 0.803968253968254,
          "picp_95": "not_applicable",
          "mean_interval_width": 1214.195891796295,
          "pinball_loss_q05": 53.22789321340727,
          "pinball_loss_q50": 117.21821013474887,
          "pinball_loss_q95": 69.95749886310708,
          "pinball_loss_mean": 80.13453407042108,
          "winkler_score_90": 2443.587683916004
        }
      }
    },
    "price_eur_mwh": {
      "n_features": 53,
      "gbm": {
        "rmse": 4.963301925932962,
        "mae": 2.3025768734285337,
        "mape": 1.34900317514759,
        "smape": 0.10013370752643833,
        "r2": 0.8987124211221768,
        "model": "gbm_lightgbm",
        "ensemble_members": 1,
        "cv_results": {
          "rmse_mean": 4.7918670122997495,
          "rmse_std": 1.5846640121178963,
          "rmse_min": 2.881534524388187,
          "rmse_max": 8.01883220625115,
          "mae_mean": 2.7635250406557716,
          "mae_std": 0.7543056571559741,
          "mae_min": 1.9486255257530056,
          "mae_max": 4.572250411179124,
          "mape_mean": 261213.16293251788,
          "mape_std": 522426.5179125409,
          "mape_min": 0.25836886929955305,
          "mape_max": 1309911.827144027,
          "smape_mean": 0.14687632069441947,
          "smape_std": 0.06412303807101513,
          "smape_min": 0.07655422621232913,
          "smape_max": 0.28956438592762485,
          "r2_mean": 0.8987694887755809,