{
  "device": "cpu",
  "quantiles": [
    0.1,
    0.5,
    0.9
  ],
  "targets": {
    "load_mw": {
      "n_features": 93,
      "gbm": {
        "rmse": 257.30103653279747,
        "mae": 162.87037842496227,
        "mape": 0.0034244515594101547,
        "smape": 0.0034154553617824477,
        "model": "gbm_lightgbm",
        "residual_quantiles": {
          "0.1": -337.29509820006496,
          "0.5": -16.06689039523917,
          "0.9": 224.61431039095052
        },
        "tuned_params": {
          "n_estimators": 666,
          "learning_rate": 0.014671924112839584,
          "max_depth": 10,
          "num_leaves": 128,
          "min_child_samples": 20,
          "subsample": 0.9,
          "colsample_bytree": 0.9,
          "reg_alpha": 0.05,
          "reg_lambda": 0.5,
          "verbosity": -1,
          "random_state": 42
        },
        "quantile_models": [
          "0.1",
          "0.5",
          "0.9"
        ],
        "r2": 0.9991787904169638
      },
      "lstm": {
        "rmse": 3474.776266889287,
        "mae": 2722.500057873343,
        "mape": 0.05412533668377964,
        "smape": 0.05375660029301429,
        "residual_quantiles": {
          "0.1": -4400.841045500052,
          "0.5": -1526.1699227150093,
          "0.9": 1611.4577666413195
        },
        "r2": 0.8497777231565307
      },
      "tcn": {
        "rmse": 2668.052692101338,
        "mae": 2031.1189882503816,
        "mape": 0.038934521011744765,
        "smape": 0.039438962013668165,
        "residual_quantiles": {
          "0.1": -3655.0667143608225,
          "0.5": -374.8524343039826,
          "0.9": 2857.710399256328
        },
        "r2": 0.9114335062874906
      }
    },
    "wind_mw": {
      "n_features": 93,
      "gbm": {
        "rmse": 184.21298597991048,
        "mae": 120.15792229116077,
        "mape": 0.026927334832202898,
        "smape": 0.0234513967672387,
        "model": "gbm_lightgbm",
        "residual_quantiles": {
          "0.1": -194.05458236337506,
          "0.5": -8.522498671729409,
          "0.9": 162.4236748091331
        },
        "tuned_params": {
          "n_estimators": 340,
          "learning_rate": 0.05928422616898332,
          "max_depth": 10,
          "num_leaves": 128,
          "min_child_samples": 20,
          "subsample": 0.9,
          "colsample_bytree": 0.9,
          "reg_alpha": 0.05,
          "reg_lambda": 0.5,
          "verbosity": -1,
          "random_state": 42
        },
        "quantile_models": [
          "0.1",
          "0.5",
          "0.9"
        ],
        "r2": 0.9993403205424172,
        "daylight_mape": 0.026927334832202898
      },
      "lstm": {
        "rmse": 6735.07009751006,
        "mae": 5511.226734264865,
        "mape": 1.4094474308126195,
        "smape": 0.6084608518120028,
        "residual_quantiles": {
          "0.1": -7230.857947152461,
          "0.5": -757.5218346769252,
          "0.9": 9275.347696077366
        },
        "r2": 0.15451288034157873,
        "daylight_mape": 1.4094474308126195
      },
      "tcn": {
        "rmse": 9196.156140506526,
        "mae": 7167.4122668564605,
        "mape": 1.6537467556241543,
        "smape": 0.7667156554333923,
        "residual_quantiles": {
          "0.1": -7988.976127010872,
          "0.5": 606.24696211826,
          "0.9": 13026.71795366735
        },
        "r2": -0.5762874888879739,
        "daylight_mape": 1.6537467556241543
      }
    },
    "solar_mw": {
      "n_features": 93,
      "gbm": {
        "rmse": 247.82742595723835,
        "mae": 118.72247785473017,
        "mape": 32060327.266559295,
        "smape": 0.6887528768499864,
        "daylight_mape": 0.07243011528850685,
        "model": "gbm_lightgbm",
        "residual_quantiles": {
          "0.1": -200.08402618882099,
          "0.5": 0.7616193171876517,
          "0.9": 342.74523337624015
        },
        "tuned_params": {
          "n_estimators": 921,
          "learning_rate": 0.12490506190696267,
          "max_depth": 10,
          "num_leaves": 128,
          "min_child_samples": 20,
          "subsample": 0.9,
          "colsample_bytree": 0.9,
          "reg_alpha": 0.05,
          "reg_lambda": 0.5,
          "verbosity": -1,
          "random_state": 42
        },
        "quantile_models": [
          "0.1",
          "0.5",
          "0.9"
        ],
        "r2": 0.9992456451837579
      },
      "lstm": {
        "rmse": 4079.379640875171,
        "mae": 2835.7400333226856,
        "mape": 5215103.425959513,
        "smape": 1.0944293937695597,
        "daylight_mape": 5215103.425959513,
        "residual_quantiles": {
          "0.1": -2920.95944758971,
          "0.5": 171.61997761337352,
          "0.9": 4510.783946527407
        },
        "r2": 0.8006554579546091
      },
      "tcn": {
        "rmse": 3006.7451233891106,
        "mae": 2009.5950846992325,
        "mape": 2912810.8970445017,
        "smape": 0.9721751549480074,
        "daylight_mape": 2912810.8970445017,
        "residual_quantiles": {
          "0.1": -2041.7260396516156,
          "0.5": -277.3750206869422,
          "0.9": 4515.572273796664
        },
        "r2": 0.8917047690771843
      }
    },
    "price_eur_mwh": {
      "n_features": 93,
      "gbm": {
        "rmse": 4.903815488573345,
        "mae": 2.256433471158783,
        "mape": 1.205960010787307,
        "smape": 0.09762172749780437,
        "model": "gbm_lightgbm",
        "residual_quantiles": {
          "0.1": -5.003562623720645,
          "0.5": -1.0459620015484,
          "0.9": 4.050604288568762
        },
        "tuned_params": {
          "n_estimators": 677,
          "learning_rate": 0.017133687633712986,
          "max_depth": 10,
          "num_leaves": 128,
          "min_child_samples": 20,
          "subsample": 0.9,
          "colsample_bytree": 0.9,
          "reg_alpha": 0.05,
          "reg_lambda": 0.5,
          "verbosity": -1,
          "random_state": 42
        },
        "quantile_models": [
          "0.1",
          "0.5",
          "0.9"
        ]
      },
      "lstm": {
        "rmse": 10.818688719023399,
        "mae": 6.509276599083433,
        "mape": 3.995862672890131,
        "smape": 0.22359161937564342,
        "residual_quantiles": {
          "0.1": -15.590430772894367,
          "0.5": -5.767050794068711,
          "0.9": 6.919819219242103
        }
      },
      "tcn": {
        "rmse": 14.395427251891723,
        "mae": 10.182696580813174,
        "mape": 3.711223081218662,
        "smape": 0.3658956840137629,
        "residual_quantiles": {
          "0.1": -14.847117664552435,
          "0.5": -2.193131370471953,
          "0.9": 11.025157606247475
        }
      }
    }
  }
}