{
  "device": "cpu",
  "quantiles": [
    0.1,
    0.5,
    0.9
  ],
  "targets": {
    "load_mw": {
      "n_features": 96,
      "gbm": {
        "rmse": 272.15098989360496,
        "mae": 161.0786218570487,
        "mape": 0.003428068412563725,
        "smape": 0.0034163808079741686,
        "model": "gbm_lightgbm",
        "residual_quantiles": {
          "0.1": -318.8147494561621,
          "0.5": -26.718438168798457,
          "0.9": 188.0075247266258
        },
        "tuned_params": {
          "n_estimators": 600,
          "learning_rate": 0.05,
          "max_depth": 10,
          "num_leaves": 128,
          "min_child_samples": 20,
          "subsample": 0.9,
          "colsample_bytree": 0.9,
          "reg_alpha": 0.05,
          "reg_lambda": 0.5,
          "verbosity": -1,
          "random_state": 42
        },
        "quantile_models": [
          "0.1",
          "0.5",
          "0.9"
        ]
      }
    }
  }
}