{
  "device": "cpu",
  "quantiles": [
    0.1,
    0.5,
    0.9
  ],
  "targets": {
    "load_mw": {
      "n_features": 53,
      "gbm": {
        "rmse": 262.01101551930395,
        "mae": 166.32475144339458,
        "mape": 0.003529554560238487,
        "smape": 0.0035205946103309257,
        "r2": 0.9991504987025764,
        "model": "gbm_lightgbm",
        "ensemble_members": 1,
        "residual_quantiles": {
          "0.1": -377.56404608942245,
          "0.5": -21.553047500594403,
          "0.9": 316.37014154864886
        },
        "tuned_params": null,
        "tuning_meta": null,
        "quantile_models": [
          "0.1",
          "0.5",
          "0.9"
        ],
        "seed_member_metrics": [
          {
            "seed": 42,
            "val_rmse": 402.7991946145934,
            "val_mae": 244.87492637635114
          }
        ],
        "uncertainty": {
          "picp_90": 0.8821428571428571,
          "picp_95": 0.9174603174603174,
          "mean_interval_width": 1070.15878420007,
          "pinball_loss_q05": 43.098675915644996,
          "pinball_loss_q50": 115.95192766914016,
          "pinball_loss_q95": 38.40313916236868,
          "pinball_loss_mean": 65.81791424905128,
          "winkler_score_90": 1625.059699061058
        }
      }
    },
    "wind_mw": {
      "n_features": 53,
      "gbm": {
        "rmse": 219.1075784147325,
        "mae": 129.3622766969851,
        "mape": 0.027884827851954033,
        "smape": 0.024099812028293276,
        "r2": 0.9990741506507228,
        "daylight_mape": 0.027884827851954033,
        "model": "gbm_lightgbm",
        "ensemble_members": 1,
        "residual_quantiles": {
          "0.1": -285.92549943919823,
          "0.5": -9.008312594298332,
          "0.9": 189.56323923737304
        },
        "tuned_params": null,
        "tuning_meta": null,
        "quantile_models": [
          "0.1",
          "0.5",
          "0.9"
        ],
        "seed_member_metrics": [
          {
            "seed": 42,
            "val_rmse": 240.9286899649743,
            "val_mae": 157.43107871926847
          }
        ],
        "uncertainty": {
          "picp_90": 0.9369047619047619,
          "picp_95": 0.9587301587301588,
          "mean_interval_width": 833.865010235966,
          "pinball_loss_q05": 25.14033090804345,
          "pinball_loss_q50": 78.52224582708975,
          "pinball_loss_q95": 26.66871957802381,
          "pinball_loss_mean": 43.443765437719,
          "winkler_score_90": 1035.561975347452
        }
      }
    },
    "solar_mw": {
      "n_features": 53,
      "gbm": {
        "rmse": 240.35320950771336,
        "mae": 117.3193371819155,
        "mape": 32602460.145666324,
        "smape": 0.6923604514515829,
        "r2": 0.9993005047379279,
        "daylight_mape": 0.08864876944143797,
        "model": "gbm_lightgbm",
        "ensemble_members": 1,
        "residual_quantiles": {
          "0.1": -203.0553858169236,
          "0.5": 0.5548455440312233,
          "0.9": 374.51407751813207
        },
        "tuned_params": null,
        "tuning_meta": null,
        "quantile_models": [
          "0.1",
          "0.5",
          "0.9"
        ],
        "seed_member_metrics": [
          {
            "seed": 42,
            "val_rmse": 471.58501068115373,
            "val_mae": 201.15845609792976
          }
        ],
        "uncertainty": {
          "picp_90": 0.7876984126984127,
          "picp_95": 0.8297619047619048,
          "mean_interval_width": 1037.7308100656908,
          "pinball_loss_q05": 51.49577675536693,
          "pinball_loss_q50": 126.89345821478743,
          "pinball_loss_q95": 64.58843033141295,
          "pinball_loss_mean": 80.99255510052244,
          "winkler_score_90": 2294.1869400555215
        }
      }
    },
    "price_eur_mwh": {
      "n_features": 53,
      "gbm": {
        "rmse": 4.998528372562706,
        "mae": 2.328736454310254,
        "mape": 1.446678693662406,
        "smape": 0.10161859846727576,
        "r2": 0.8972695658299985,
        "model": "gbm_lightgbm",
        "ensemble_members": 1,
        "residual_quantiles": {
          "0.1": -5.651800192756973,
          "0.5": -1.264136078242446,
          "0.9": 3.423537655964969
        },
        "tuned_params": null,
        "tuning_meta": null,
        "quantile_models": [
          "0.1",
          "0.5",
          "0.9"
        ],
        "seed_member_metrics": [
          {
            "seed": 42,
            "val_rmse": 5.637386170276779,
            "val_mae": 3.496855234764969
          }
        ]
      }
    }
  },
  "manifest_id": "20260419_015020"
}