{
  "device": "cpu",
  "quantiles": [
    0.1,
    0.5,
    0.9
  ],
  "targets": {
    "load_mw": {
      "n_features": 50,
      "gbm": {
        "rmse": 311.72480845071334,
        "mae": 201.5231471613508,
        "mape": 0.004218388597407557,
        "smape": 0.004206509660543428,
        "model": "gbm_lightgbm",
        "residual_quantiles": {
          "0.1": -397.30740200925646,
          "0.5": -0.8277475016438984,
          "0.9": 333.9983178605763
        }
      },
      "lstm": {
        "rmse": 3150.8857113651957,
        "mae": 2531.3296529479308,
        "mape": 0.05200173489268551,
        "smape": 0.05032593909273349,
        "residual_quantiles": {
          "0.1": -5194.6318785681,
          "0.5": -690.0953624776776,
          "0.9": 3609.1030652766467
        }
      },
      "tcn": {
        "rmse": 3253.0385867209866,
        "mae": 2489.810464814017,
        "mape": 0.04955627721657126,
        "smape": 0.04891888069365588,
        "residual_quantiles": {
          "0.1": -4959.8090687130025,
          "0.5": 351.28782218014385,
          "0.9": 4695.298368580923
        }
      }
    },
    "wind_mw": {
      "n_features": 50,
      "gbm": {
        "rmse": 254.6457131201481,
        "mae": 173.27652305638426,
        "mape": 0.03604640667786144,
        "smape": 0.03233788142797395,
        "model": "gbm_lightgbm",
        "residual_quantiles": {
          "0.1": -447.89483413765413,
          "0.5": -38.46302002964512,
          "0.9": 318.5419495043614
        }
      },
      "lstm": {
        "rmse": 5545.723678944462,
        "mae": 4065.8456184524216,
        "mape": 0.8389672730164671,
        "smape": 0.492966269752505,
        "residual_quantiles": {
          "0.1": -7158.04521750589,
          "0.5": -420.9293924751464,
          "0.9": 9157.449677549339
        }
      },
      "tcn": {
        "rmse": 6784.753312539991,
        "mae": 5141.186704237131,
        "mape": 1.1245434376104424,
        "smape": 0.6011567438651633,
        "residual_quantiles": {
          "0.1": -8947.35785421768,
          "0.5": -411.67728057192835,
          "0.9": 11986.074078038007
        }
      }
    },
    "solar_mw": {
      "n_features": 50,
      "gbm": {
        "rmse": 277.2354565494422,
        "mae": 137.40184591312502,
        "mape": 88802171.19391449,
        "smape": 0.7033863301649446,
        "daylight_mape": 0.17588067168074012,
        "model": "gbm_lightgbm",
        "residual_quantiles": {
          "0.1": -257.76898591497735,
          "0.5": -0.37943921666278063,
          "0.9": 368.95905379888086
        }
      },
      "lstm": {
        "rmse": 3033.734595419477,
        "mae": 2208.320710398724,
        "mape": 3734370.787846106,
        "smape": 1.0265053780522089,
        "daylight_mape": 3734370.787846106,
        "residual_quantiles": {
          "0.1": -4593.495706827863,
          "0.5": -598.481758454041,
          "0.9": 5151.487908869695
        }
      },
      "tcn": {
        "rmse": 2445.89895524222,
        "mae": 1581.4788292001956,
        "mape": 2608843.4612632683,
        "smape": 0.9566574762464122,
        "daylight_mape": 2608843.4612632683,
        "residual_quantiles": {
          "0.1": -4034.0273128753906,
          "0.5": -1298.6838352632308,
          "0.9": 2778.1218012386807
        }
      }
    },
    "price_eur_mwh": {
      "n_features": 50,
      "gbm": {
        "rmse": 4.917888404934221,
        "mae": 2.320058018981045,
        "mape": 1.5186917143986867,
        "smape": 0.10333153749453926,
        "model": "gbm_lightgbm",
        "residual_quantiles": {
          "0.1": -4.966715971925694,
          "0.5": -0.989140639045992,
          "0.9": 3.8447606856851007
        }
      },
      "lstm": {
        "rmse": 11.710671927383126,
        "mae": 7.253959331977834,
        "mape": 4.9806048700758785,
        "smape": 0.2358981109866176,
        "residual_quantiles": {
          "0.1": -20.408551606816633,
          "0.5": -9.717773136054893,
          "0.9": 0.9551050570896652
        }
      },
      "tcn": {
        "rmse": 11.872452199284453,
        "mae": 7.301264289636419,
        "mape": 5.612377660047014,
        "smape": 0.23310885286929614,
        "residual_quantiles": {
          "0.1": -21.82535718017169,
          "0.5": -9.742617572769095,
          "0.9": 0.4201554603311862
        }
      }
    }
  }
}