{
  "device": "cpu",
  "quantiles": [
    0.1,
    0.5,
    0.9
  ],
  "targets": {
    "load_mw": {
      "n_features": 93,
      "gbm": {
        "rmse": 268.45054774692863,
        "mae": 160.11265279305687,
        "mape": 0.0034026741258969223,
        "smape": 0.0033930200373756044,
        "model": "gbm_lightgbm",
        "residual_quantiles": {
          "0.1": -332.4513199178706,
          "0.5": -11.404363545683736,
          "0.9": 222.16301850800667
        },
        "tuned_params": {
          "n_estimators": 993,
          "learning_rate": 0.01975346026333097,
          "max_depth": 10,
          "num_leaves": 128,
          "min_child_samples": 20,
          "subsample": 0.9,
          "colsample_bytree": 0.9,
          "reg_alpha": 0.05,
          "reg_lambda": 0.5,
          "verbosity": -1,
          "random_state": 42
        },
        "quantile_models": [
          "0.1",
          "0.5",
          "0.9"
        ]
      },
      "lstm": {
        "rmse": 4975.172724385955,
        "mae": 3633.784332033787,
        "mape": 0.0689612324628587,
        "smape": 0.07096101031748166,
        "residual_quantiles": {
          "0.1": -4717.188583390829,
          "0.5": -351.66555898841034,
          "0.9": 4873.932850434577
        }
      },
      "tcn": {
        "rmse": 6157.075359090004,
        "mae": 5172.092866547439,
        "mape": 0.09933457774538754,
        "smape": 0.106351766897947,
        "residual_quantiles": {
          "0.1": -5011.535152824348,
          "0.5": -456.07192387977557,
          "0.9": 3573.591152127243
        }
      }
    },
    "wind_mw": {
      "n_features": 93,
      "gbm": {
        "rmse": 123.95640107405151,
        "mae": 85.11575104376448,
        "mape": 0.022651132863360717,
        "smape": 0.01971040792375047,
        "model": "gbm_lightgbm",
        "residual_quantiles": {
          "0.1": -192.0903704326978,
          "0.5": -3.024260651465738,
          "0.9": 164.9438165600777
        },
        "tuned_params": {
          "n_estimators": 409,
          "learning_rate": 0.05597008250191937,
          "max_depth": 10,
          "num_leaves": 128,
          "min_child_samples": 20,
          "subsample": 0.9,
          "colsample_bytree": 0.9,
          "reg_alpha": 0.05,
          "reg_lambda": 0.5,
          "verbosity": -1,
          "random_state": 42
        },
        "quantile_models": [
          "0.1",
          "0.5",
          "0.9"
        ]
      },
      "lstm": {
        "rmse": 6088.681917184256,
        "mae": 4712.231697154939,
        "mape": 1.082712566266003,
        "smape": 0.5649990812670935,
        "residual_quantiles": {
          "0.1": -7912.876917726179,
          "0.5": -931.8564705168228,
          "0.9": 9369.662903887214
        }
      },
      "tcn": {
        "rmse": 7086.184863970565,
        "mae": 5011.337688603397,
        "mape": 0.959135282851123,
        "smape": 0.597803473619078,
        "residual_quantiles": {
          "0.1": -9628.450929226186,
          "0.5": -645.2477463970208,
          "0.9": 11810.001257299647
        }
      }
    },
    "solar_mw": {
      "n_features": 93,
      "gbm": {
        "rmse": 251.23783758717815,
        "mae": 120.51588469946148,
        "mape": 32610259.54727739,
        "smape": 0.6744813958879793,
        "daylight_mape": 0.04861290806548497,
        "model": "gbm_lightgbm",
        "residual_quantiles": {
          "0.1": -171.3330535025343,
          "0.5": -0.9385609866782564,
          "0.9": 326.84061133942424
        },
        "tuned_params": {
          "n_estimators": 753,
          "learning_rate": 0.011562608102088272,
          "max_depth": 10,
          "num_leaves": 128,
          "min_child_samples": 20,
          "subsample": 0.9,
          "colsample_bytree": 0.9,
          "reg_alpha": 0.05,
          "reg_lambda": 0.5,
          "verbosity": -1,
          "random_state": 42
        },
        "quantile_models": [
          "0.1",
          "0.5",
          "0.9"
        ]
      },
      "lstm": {
        "rmse": 4629.5762336389425,
        "mae": 3219.9212915547964,
        "mape": 3654259.587926467,
        "smape": 1.1738874543958908,
        "daylight_mape": 3654259.587926467,
        "residual_quantiles": {
          "0.1": -3549.3974100623323,
          "0.5": 540.1998799958537,
          "0.9": 5949.766278116179
        }
      },
      "tcn": {
        "rmse": 2768.8137274165933,
        "mae": 2114.2282694061646,
        "mape": 6170236.228625847,
        "smape": 0.9969703950115268,
        "daylight_mape": 6170236.228625847,
        "residual_quantiles": {
          "0.1": -3027.989424006696,
          "0.5": -904.9101760689787,
          "0.9": 5365.565429314087
        }
      }
    },
    "price_eur_mwh": {
      "n_features": 93,
      "gbm": {
        "rmse": 4.885875148985971,
        "mae": 2.2468068534090024,
        "mape": 1.2045567916788886,
        "smape": 0.09594569593756866,
        "model": "gbm_lightgbm",
        "residual_quantiles": {
          "0.1": -5.07595787765016,
          "0.5": -1.022200496526601,
          "0.9": 3.848841483712682
        },
        "tuned_params": {
          "n_estimators": 482,
          "learning_rate": 0.016277792930975407,
          "max_depth": 10,
          "num_leaves": 128,
          "min_child_samples": 20,
          "subsample": 0.9,
          "colsample_bytree": 0.9,
          "reg_alpha": 0.05,
          "reg_lambda": 0.5,
          "verbosity": -1,
          "random_state": 42
        },
        "quantile_models": [
          "0.1",
          "0.5",
          "0.9"
        ]
      },
      "lstm": {
        "rmse": 12.443363072235742,
        "mae": 8.026678932514463,
        "mape": 4.482997862532782,
        "smape": 0.2614733758907562,
        "residual_quantiles": {
          "0.1": -15.927147524986538,
          "0.5": -5.290762557290682,
          "0.9": 6.402258366778463
        }
      },
      "tcn": {
        "rmse": 15.162372330706507,
        "mae": 11.124470604269806,
        "mape": 3.8265930747892924,
        "smape": 0.3932856926555346,
        "residual_quantiles": {
          "0.1": -13.624994971941845,
          "0.5": -0.7947304656943501,
          "0.9": 11.080654127772226
        }
      }
    }
  }
}