{
  "device": "cpu",
  "quantiles": [
    0.1,
    0.5,
    0.9
  ],
  "targets": {
    "load_mw": {
      "n_features": 93,
      "gbm": {
        "rmse": 298.6000157184173,
        "mae": 185.93743041795145,
        "mape": 0.003922968131321532,
        "smape": 0.003911473903321219,
        "model": "gbm_lightgbm",
        "residual_quantiles": {
          "0.1": -337.29509820006496,
          "0.5": -16.06689039523917,
          "0.9": 224.61431039095052
        },
        "tuned_params": {
          "n_estimators": 666,
          "learning_rate": 0.014671924112839584,
          "max_depth": 10,
          "num_leaves": 128,
          "min_child_samples": 20,
          "subsample": 0.9,
          "colsample_bytree": 0.9,
          "reg_alpha": 0.05,
          "reg_lambda": 0.5,
          "verbosity": -1,
          "random_state": 42
        },
        "quantile_models": [
          "0.1",
          "0.5",
          "0.9"
        ],
        "r2": 0.9988940115548964
      },
      "lstm": {
        "rmse": 2355.9737707052263,
        "mae": 1732.0841498345,
        "mape": 0.03384176636351295,
        "smape": 0.033589623391714125,
        "residual_quantiles": {
          "0.1": -4400.841045500052,
          "0.5": -1526.1699227150093,
          "0.9": 1611.4577666413195
        },
        "r2": 0.9309407990349394
      },
      "tcn": {
        "rmse": 3394.193713865421,
        "mae": 2613.5046818291494,
        "mape": 0.051515772878522645,
        "smape": 0.0534685897978956,
        "residual_quantiles": {
          "0.1": -3655.0667143608225,
          "0.5": -374.8524343039826,
          "0.9": 2857.710399256328
        },
        "r2": 0.8566644568277847
      }
    },
    "wind_mw": {
      "n_features": 93,
      "gbm": {
        "rmse": 127.08497812200575,
        "mae": 87.33009845331962,
        "mape": 0.022747657908375494,
        "smape": 0.019834754096708387,
        "model": "gbm_lightgbm",
        "residual_quantiles": {
          "0.1": -194.05458236337506,
          "0.5": -8.522498671729409,
          "0.9": 162.4236748091331
        },
        "tuned_params": {
          "n_estimators": 340,
          "learning_rate": 0.05928422616898332,
          "max_depth": 10,
          "num_leaves": 128,
          "min_child_samples": 20,
          "subsample": 0.9,
          "colsample_bytree": 0.9,
          "reg_alpha": 0.05,
          "reg_lambda": 0.5,
          "verbosity": -1,
          "random_state": 42
        },
        "quantile_models": [
          "0.1",
          "0.5",
          "0.9"
        ],
        "r2": 0.9996860352341683,
        "daylight_mape": 0.022747657908375494
      },
      "lstm": {
        "rmse": 6025.136806059045,
        "mae": 4304.789359172982,
        "mape": 0.8550586818046001,
        "smape": 0.5205029171351211,
        "residual_quantiles": {
          "0.1": -7230.857947152461,
          "0.5": -757.5218346769252,
          "0.9": 9275.347696077366
        },
        "r2": 0.32336169428014505,
        "daylight_mape": 0.8550586818046001
      },
      "tcn": {
        "rmse": 7169.663581806657,
        "mae": 5185.96133242178,
        "mape": 1.0503505655693721,
        "smape": 0.6047623966086424,
        "residual_quantiles": {
          "0.1": -7988.976127010872,
          "0.5": 606.24696211826,
          "0.9": 13026.71795366735
        },
        "r2": 0.04187910496499747,
        "daylight_mape": 1.0503505655693721
      }
    },
    "solar_mw": {
      "n_features": 93,
      "gbm": {
        "rmse": 269.5542942974431,
        "mae": 129.53972566184072,
        "mape": 107722205.784544,
        "smape": 0.7041557205607407,
        "daylight_mape": 0.1404350400943314,
        "model": "gbm_lightgbm",
        "residual_quantiles": {
          "0.1": -200.08402618882099,
          "0.5": 0.7616193171876517,
          "0.9": 342.74523337624015
        },
        "tuned_params": {
          "n_estimators": 921,
          "learning_rate": 0.12490506190696267,
          "max_depth": 10,
          "num_leaves": 128,
          "min_child_samples": 20,
          "subsample": 0.9,
          "colsample_bytree": 0.9,
          "reg_alpha": 0.05,
          "reg_lambda": 0.5,
          "verbosity": -1,
          "random_state": 42
        },
        "quantile_models": [
          "0.1",
          "0.5",
          "0.9"
        ],
        "r2": 0.9991075796906538
      },
      "lstm": {
        "rmse": 2536.1146372469066,
        "mae": 1536.0016177466066,
        "mape": 1052589.3212084842,
        "smape": 0.9657990565299844,
        "daylight_mape": 1052589.3212084842,
        "residual_quantiles": {
          "0.1": -2920.95944758971,
          "0.5": 171.61997761337352,
          "0.9": 4510.783946527407
        },
        "r2": 0.92295333188881
      },
      "tcn": {
        "rmse": 3006.7451233891106,
        "mae": 2009.5950846992325,
        "mape": 2912810.8970445017,
        "smape": 0.9721751549480074,
        "daylight_mape": 2912810.8970445017,
        "residual_quantiles": {
          "0.1": -2041.7260396516156,
          "0.5": -277.3750206869422,
          "0.9": 4515.572273796664
        },
        "r2": 0.8917047690771843
      }
    },
    "price_eur_mwh": {
      "n_features": 93,
      "gbm": {
        "rmse": 4.903815488573345,
        "mae": 2.256433471158783,
        "mape": 1.205960010787307,
        "smape": 0.09762172749780437,
        "model": "gbm_lightgbm",
        "residual_quantiles": {
          "0.1": -5.003562623720645,
          "0.5": -1.0459620015484,
          "0.9": 4.050604288568762
        },
        "tuned_params": {
          "n_estimators": 677,
          "learning_rate": 0.017133687633712986,
          "max_depth": 10,
          "num_leaves": 128,
          "min_child_samples": 20,
          "subsample": 0.9,
          "colsample_bytree": 0.9,
          "reg_alpha": 0.05,
          "reg_lambda": 0.5,
          "verbosity": -1,
          "random_state": 42
        },
        "quantile_models": [
          "0.1",
          "0.5",
          "0.9"
        ]
      },
      "lstm": {
        "rmse": 10.818688719023399,
        "mae": 6.509276599083433,
        "mape": 3.995862672890131,
        "smape": 0.22359161937564342,
        "residual_quantiles": {
          "0.1": -15.590430772894367,
          "0.5": -5.767050794068711,
          "0.9": 6.919819219242103
        }
      },
      "tcn": {
        "rmse": 14.395427251891723,
        "mae": 10.182696580813174,
        "mape": 3.711223081218662,
        "smape": 0.3658956840137629,
        "residual_quantiles": {
          "0.1": -14.847117664552435,
          "0.5": -2.193131370471953,
          "0.9": 11.025157606247475
        }
      }
    }
  }
}