{
  "device": "cpu",
  "quantiles": [
    0.1,
    0.5,
    0.9
  ],
  "targets": {
    "load_mw": {
      "n_features": 93,
      "gbm": {
        "rmse": 270.2971378439897,
        "mae": 160.45881542161155,
        "mape": 0.0034129129207842515,
        "smape": 0.0034029717064420445,
        "model": "gbm_lightgbm",
        "residual_quantiles": {
          "0.1": -337.29509820006496,
          "0.5": -16.06689039523917,
          "0.9": 224.61431039095052
        },
        "tuned_params": {
          "n_estimators": 666,
          "learning_rate": 0.014671924112839584,
          "max_depth": 10,
          "num_leaves": 128,
          "min_child_samples": 20,
          "subsample": 0.9,
          "colsample_bytree": 0.9,
          "reg_alpha": 0.05,
          "reg_lambda": 0.5,
          "verbosity": -1,
          "random_state": 42
        },
        "quantile_models": [
          "0.1",
          "0.5",
          "0.9"
        ]
      },
      "lstm": {
        "rmse": 2356.0039020141658,
        "mae": 1731.9143981830355,
        "mape": 0.03383518809806771,
        "smape": 0.033583495865546986,
        "residual_quantiles": {
          "0.1": -4400.841045500052,
          "0.5": -1526.1699227150093,
          "0.9": 1611.4577666413195
        }
      },
      "tcn": {
        "rmse": 3394.781814268761,
        "mae": 2614.144389278059,
        "mape": 0.05152685884459976,
        "smape": 0.05348061497341696,
        "residual_quantiles": {
          "0.1": -3655.0667143608225,
          "0.5": -374.8524343039826,
          "0.9": 2857.710399256328
        }
      }
    },
    "wind_mw": {
      "n_features": 93,
      "gbm": {
        "rmse": 127.10037855509994,
        "mae": 87.33402027362513,
        "mape": 0.0227531326371897,
        "smape": 0.01983909765183923,
        "model": "gbm_lightgbm",
        "residual_quantiles": {
          "0.1": -194.05458236337506,
          "0.5": -8.522498671729409,
          "0.9": 162.4236748091331
        },
        "tuned_params": {
          "n_estimators": 340,
          "learning_rate": 0.05928422616898332,
          "max_depth": 10,
          "num_leaves": 128,
          "min_child_samples": 20,
          "subsample": 0.9,
          "colsample_bytree": 0.9,
          "reg_alpha": 0.05,
          "reg_lambda": 0.5,
          "verbosity": -1,
          "random_state": 42
        },
        "quantile_models": [
          "0.1",
          "0.5",
          "0.9"
        ]
      },
      "lstm": {
        "rmse": 6025.590874606485,
        "mae": 4304.687533401728,
        "mape": 0.8550073712870765,
        "smape": 0.5204552179141583,
        "residual_quantiles": {
          "0.1": -7230.857947152461,
          "0.5": -757.5218346769252,
          "0.9": 9275.347696077366
        }
      },
      "tcn": {
        "rmse": 7170.804000706391,
        "mae": 5186.77842208591,
        "mape": 1.050509113357147,
        "smape": 0.6048116057155918,
        "residual_quantiles": {
          "0.1": -7988.976127010872,
          "0.5": 606.24696211826,
          "0.9": 13026.71795366735
        }
      }
    },
    "solar_mw": {
      "n_features": 93,
      "gbm": {
        "rmse": 269.47673789131017,
        "mae": 129.42593214015815,
        "mape": 107763526.15498011,
        "smape": 0.7044043429736524,
        "daylight_mape": 0.1404818338521442,
        "model": "gbm_lightgbm",
        "residual_quantiles": {
          "0.1": -200.08402618882099,
          "0.5": 0.7616193171876517,
          "0.9": 342.74523337624015
        },
        "tuned_params": {
          "n_estimators": 921,
          "learning_rate": 0.12490506190696267,
          "max_depth": 10,
          "num_leaves": 128,
          "min_child_samples": 20,
          "subsample": 0.9,
          "colsample_bytree": 0.9,
          "reg_alpha": 0.05,
          "reg_lambda": 0.5,
          "verbosity": -1,
          "random_state": 42
        },
        "quantile_models": [
          "0.1",
          "0.5",
          "0.9"
        ]
      },
      "lstm": {
        "rmse": 2536.5689658863125,
        "mae": 1536.3457608707095,
        "mape": 1052534.296962995,
        "smape": 0.9658921312188123,
        "daylight_mape": 1052534.296962995,
        "residual_quantiles": {
          "0.1": -2920.95944758971,
          "0.5": 171.61997761337352,
          "0.9": 4510.783946527407
        }
      },
      "tcn": {
        "rmse": 3006.648007903052,
        "mae": 2009.3479730645402,
        "mape": 2912918.573815807,
        "smape": 0.97220543491427,
        "daylight_mape": 2912918.573815807,
        "residual_quantiles": {
          "0.1": -2041.7260396516156,
          "0.5": -277.3750206869422,
          "0.9": 4515.572273796664
        }
      }
    },
    "price_eur_mwh": {
      "n_features": 93,
      "gbm": {
        "rmse": 4.903815488573345,
        "mae": 2.256433471158783,
        "mape": 1.205960010787307,
        "smape": 0.09762172749780437,
        "model": "gbm_lightgbm",
        "residual_quantiles": {
          "0.1": -5.003562623720645,
          "0.5": -1.0459620015484,
          "0.9": 4.050604288568762
        },
        "tuned_params": {
          "n_estimators": 677,
          "learning_rate": 0.017133687633712986,
          "max_depth": 10,
          "num_leaves": 128,
          "min_child_samples": 20,
          "subsample": 0.9,
          "colsample_bytree": 0.9,
          "reg_alpha": 0.05,
          "reg_lambda": 0.5,
          "verbosity": -1,
          "random_state": 42
        },
        "quantile_models": [
          "0.1",
          "0.5",
          "0.9"
        ]
      },
      "lstm": {
        "rmse": 10.818688719023399,
        "mae": 6.509276599083433,
        "mape": 3.995862672890131,
        "smape": 0.22359161937564342,
        "residual_quantiles": {
          "0.1": -15.590430772894367,
          "0.5": -5.767050794068711,
          "0.9": 6.919819219242103
        }
      },
      "tcn": {
        "rmse": 14.395427251891723,
        "mae": 10.182696580813174,
        "mape": 3.711223081218662,
        "smape": 0.3658956840137629,
        "residual_quantiles": {
          "0.1": -14.847117664552435,
          "0.5": -2.193131370471953,
          "0.9": 11.025157606247475
        }
      }
    }
  }
}