region,target,rmse,mae,mape,smape,r2
DE,load_mw,305.120962,187.869415,0.003912,0.003904,0.998848
DE,wind_mw,169.485983,105.948874,0.023024,0.020217,0.999446
DE,solar_mw,242.677304,117.075633,52765596.917931,0.697254,0.999287
DE,price_eur_mwh,4.943091,2.258925,1.291186,0.099537,0.899536
US_MISO,load_mw,185.299424,141.616313,0.001831,0.001832,0.999336
US_MISO,wind_mw,356.513575,208.738123,793241312.812536,0.026726,0.997226
US_MISO,solar_mw,230.121568,81.466603,10619285.540233,0.502631,0.994734
