{
  "targets": {
    "load_mw": {
      "tcn": {
        "per_horizon": {
          "1": {
            "rmse": 10332015.039281705,
            "mae": 8296601.830993719,
            "mape": 111.95012378927107,
            "smape": 1.936873288897702
          },
          "2": {
            "rmse": 10333173.750945408,
            "mae": 8297925.429113675,
            "mape": 111.96534995595039,
            "smape": 1.9370175233428386
          },
          "3": {
            "rmse": 10334405.970380343,
            "mae": 8299290.420624931,
            "mape": 111.98030817534217,
            "smape": 1.93716063163912
          },
          "4": {
            "rmse": 10335516.812397448,
            "mae": 8300586.430160828,
            "mape": 111.99409346434445,
            "smape": 1.9373033630743095
          },
          "5": {
            "rmse": 10336403.312958209,
            "mae": 8301744.198532521,
            "mape": 112.00639333915481,
            "smape": 1.9374447408155109
          },
          "6": {
            "rmse": 10336963.216249637,
            "mae": 8302664.289130102,
            "mape": 112.0163359354553,
            "smape": 1.9375854447587253
          },
          "7": {
            "rmse": 10337221.661292223,
            "mae": 8303289.187666312,
            "mape": 112.02321141536316,
            "smape": 1.937724175544824
          },
          "8": {
            "rmse": 10337357.576095663,
            "mae": 8303742.40852724,
            "mape": 112.02830076602893,
            "smape": 1.9378616545441592
          },
          "9": {
            "rmse": 10337434.161153045,
            "mae": 8304082.160237718,
            "mape": 112.03219701361257,
            "smape": 1.937997421845591
          },
          "10": {
            "rmse": 10337503.370947873,
            "mae": 8304405.548311927,
            "mape": 112.03594592202614,
            "smape": 1.9381327781510125
          },
          "11": {
            "rmse": 10337578.121409586,
            "mae": 8304741.401371233,
            "mape": 112.03988229188124,
            "smape": 1.9382699075438845
          },
          "12": {
            "rmse": 10337695.22403226,
            "mae": 8305162.123993668,
            "mape": 112.04480020223095,
            "smape": 1.938407445942243
          },
          "13": {
            "rmse": 10337965.836428322,
            "mae": 8305801.56012435,
            "mape": 112.05207467821995,
            "smape": 1.9385455267963239
          },
          "14": {
            "rmse": 10338260.869678957,
            "mae": 8306469.305390152,
            "mape": 112.05938458025321,
            "smape": 1.9386832336164281
          },
          "15": {
            "rmse": 10338463.719276847,
            "mae": 8307022.784585101,
            "mape": 112.06534111001015,
            "smape": 1.9388202819105076
          },
          "16": {
            "rmse": 10338575.09661953,
            "mae": 8307432.960230753,
            "mape": 112.06978614897024,
            "smape": 1.9389560744543675
          },
          "17": {
            "rmse": 10338593.684935654,
            "mae": 8307599.585903374,
            "mape": 112.07160556943407,
            "smape": 1.9390859485289655
          },
          "18": {
            "rmse": 10338621.381826434,
            "mae": 8307804.050833045,
            "mape": 112.07389107153003,
            "smape": 1.9392260225574358
          },
          "19": {
            "rmse": 10338825.865840964,
            "mae": 8308359.636308623,
            "mape": 112.08023995382337,
            "smape": 1.939365713451678
          },
          "20": {
            "rmse": 10339143.1810144,
            "mae": 8309051.906042906,
            "mape": 112.0881505544543,
            "smape": 1.9395048285580228
          },
          "21": {
            "rmse": 10339484.235595154,
            "mae": 8309769.6025142465,
            "mape": 112.09635214973848,
            "smape": 1.9396438365098623
          },
          "22": {
            "rmse": 10339785.431336768,
            "mae": 8310444.036973562,
            "mape": 112.1040593295144,
            "smape": 1.9397824088652034
          },
          "23": {
            "rmse": 10339981.079680221,
            "mae": 8310987.323223348,
            "mape": 112.11026816042087,
            "smape": 1.939920535181514
          },
          "24": {
            "rmse": 10340134.1036653,
            "mae": 8311467.93954446,
            "mape": 112.11576057312773,
            "smape": 1.9400593852275083
          }
        },
        "horizon": 24
      }
    },
    "wind_mw": {
      "tcn": {
        "per_horizon": {
          "1": {
            "rmse": 12373.484677951157,
            "mae": 10748.801222018768,
            "mape": 3510.2762968940015,
            "smape": 1.866392052047393
          },
          "2": {
            "rmse": 12375.235153860669,
            "mae": 10750.581688036676,
            "mape": 3429.4957156656274,
            "smape": 1.8663920533013154
          },
          "3": {
            "rmse": 12377.008959863728,
            "mae": 10752.374106895755,
            "mape": 3406.855014716396,
            "smape": 1.8663920529743911
          },
          "4": {
            "rmse": 12378.753905097472,
            "mae": 10754.15201084955,
            "mape": 3380.7707781784857,
            "smape": 1.8663920538106205
          },
          "5": {
            "rmse": 12380.398394453257,
            "mae": 10755.878097244426,
            "mape": 3317.102325318462,
            "smape": 1.8663917651917754
          },
          "6": {
            "rmse": 12382.058392278888,
            "mae": 10757.612419339817,
            "mape": 3228.348078520998,
            "smape": 1.8663878628184922
          },
          "7": {
            "rmse": 12383.667527083482,
            "mae": 10759.320077122253,
            "mape": 3180.666233275026,
            "smape": 1.8663811011956064
          },
          "8": {
            "rmse": 12385.133661844737,
            "mae": 10760.95019391498,
            "mape": 3144.0777985994036,
            "smape": 1.8663736478124866
          },
          "9": {
            "rmse": 12386.552044501144,
            "mae": 10762.55363752505,
            "mape": 3130.781642013418,
            "smape": 1.8663661774512113
          },
          "10": {
            "rmse": 12387.887690400385,
            "mae": 10764.109699883416,
            "mape": 3128.5229595089,
            "smape": 1.866358441497962
          },
          "11": {
            "rmse": 12389.12549291692,
            "mae": 10765.607760226301,
            "mape": 3120.0303448565783,
            "smape": 1.866351269963922
          },
          "12": {
            "rmse": 12390.202896765144,
            "mae": 10767.005457775722,
            "mape": 3062.471055945876,
            "smape": 1.8663455704180232
          },
          "13": {
            "rmse": 12391.083677524226,
            "mae": 10768.269247747196,
            "mape": 3028.0084862018202,
            "smape": 1.8663441431672616
          },
          "14": {
            "rmse": 12391.632582394723,
            "mae": 10769.26695346919,
            "mape": 2990.840951996104,
            "smape": 1.8663441442381064
          },
          "15": {
            "rmse": 12391.982009309608,
            "mae": 10770.06300131991,
            "mape": 2974.8328543181424,
            "smape": 1.866344143977795
          },
          "16": {
            "rmse": 12392.24958309231,
            "mae": 10770.759610646277,
            "mape": 2918.017588949272,
            "smape": 1.866343712095903
          },
          "17": {
            "rmse": 12392.49588220369,
            "mae": 10771.427956426563,
            "mape": 2842.4295692944784,
            "smape": 1.8663401960597017
          },
          "18": {
            "rmse": 12392.707786990226,
            "mae": 10772.04789130748,