{
  "targets": {
    "load_mw": {
      "gbm": {
        "per_horizon": {
          "1": {
            "rmse": 118.46172970756345,
            "mae": 94.83234724984081,
            "mape": 0.0013652395432186798,
            "smape": 0.0013649381153055728
          },
          "2": {
            "rmse": 140.08580812981836,
            "mae": 118.58901544924574,
            "mape": 0.0017498374751767356,
            "smape": 0.0017497254038258388
          },
          "3": {
            "rmse": 159.78169504466493,
            "mae": 132.80218326284174,
            "mape": 0.0020108314123766457,
            "smape": 0.0020111633300965506
          },
          "4": {
            "rmse": 164.18257641027645,
            "mae": 130.55650997564007,
            "mape": 0.0019518622439758462,
            "smape": 0.0019532174019690185
          },
          "5": {
            "rmse": 150.9878567455946,
            "mae": 112.86412839385915,
            "mape": 0.0017018509107941144,
            "smape": 0.0017011472643624207
          },
          "6": {
            "rmse": 173.91632183185163,
            "mae": 137.6194356163781,
            "mape": 0.0020541439389023725,
            "smape": 0.002053230086428058
          },
          "7": {
            "rmse": 195.1368998562397,
            "mae": 157.80969582117456,
            "mape": 0.0022149208333353478,
            "smape": 0.002214807231104227
          },
          "8": {
            "rmse": 235.50959992155913,
            "mae": 183.76937887568485,
            "mape": 0.0024161503127158503,
            "smape": 0.00241908884522314
          },
          "9": {
            "rmse": 214.67751472144465,
            "mae": 163.7354173431999,
            "mape": 0.002119340187881584,
            "smape": 0.0021206315459956783
          },
          "10": {
            "rmse": 188.03659424415335,
            "mae": 129.0635158913239,
            "mape": 0.0016578163968818161,
            "smape": 0.0016589671792494602
          },
          "11": {
            "rmse": 199.56603134719288,
            "mae": 152.06780926907035,
            "mape": 0.001936759633065277,
            "smape": 0.0019378724374432812
          },
          "12": {
            "rmse": 158.00492814334365,
            "mae": 113.17715576000927,
            "mape": 0.0014836563485812954,
            "smape": 0.0014842255963729081
          },
          "13": {
            "rmse": 141.4421830025593,
            "mae": 114.42217436944749,
            "mape": 0.0014884385026706036,
            "smape": 0.0014888708268124256
          },
          "14": {
            "rmse": 134.56398970448853,
            "mae": 104.56127919831873,
            "mape": 0.001387290362640986,
            "smape": 0.0013871562975019576
          },
          "15": {
            "rmse": 139.89646377956566,
            "mae": 106.59788322471475,
            "mape": 0.0014429072704563578,
            "smape": 0.0014426129162841096
          },
          "16": {
            "rmse": 110.95572558528347,
            "mae": 83.71215294051636,
            "mape": 0.0011100541190704905,
            "smape": 0.0011101988881954041
          },
          "17": {
            "rmse": 153.5835005270814,
            "mae": 117.60303160956425,
            "mape": 0.001561569220397415,
            "smape": 0.001562388000653787
          },
          "18": {
            "rmse": 162.78427059842895,
            "mae": 129.0145250488927,
            "mape": 0.0016772424573515804,
            "smape": 0.0016776316527707688
          },
          "19": {
            "rmse": 205.95550531603334,
            "mae": 155.89126105740758,
            "mape": 0.001958798800286093,
            "smape": 0.001960728564444666
          },
          "20": {
            "rmse": 173.84668331644062,
            "mae": 136.07323702052682,
            "mape": 0.0017104527433317138,
            "smape": 0.001710299439847509
          },
          "21": {
            "rmse": 155.7514565469267,
            "mae": 114.90061466553684,
            "mape": 0.0014679200892844118,
            "smape": 0.0014682303562518996
          },
          "22": {
            "rmse": 152.97702584878456,
            "mae": 125.40069586090753,
            "mape": 0.0016360869268493283,
            "smape": 0.0016374562890303763
          },
          "23": {
            "rmse": 122.39998602125584,
            "mae": 95.43410076379668,
            "mape": 0.0012663242929005759,
            "smape": 0.0012667335604069818
          },
          "24": {
            "rmse": 145.65127052063463,
            "mae": 107.75476305882304,
            "mape": 0.0014880907294580197,
            "smape": 0.001487035567653143
          }
        },
        "horizon": 24
      }
    },
    "wind_mw": {
      "gbm": {
        "per_horizon": {
          "1": {
            "rmse": 627.386289682803,
            "mae": 221.67458537120487,
            "mape": 6044796162.713101,
            "smape": 0.035000195548549745
          },
          "2": {
            "rmse": 270.1453106381163,
            "mae": 167.47787289731286,
            "mape": 1348213069.1653693,
            "smape": 0.035627937886814336
          },
          "3": {
            "rmse": 221.14673489564248,
            "mae": 131.5171914574805,
            "mape": 1341287848.8031344,
            "smape": 0.0337351375266837
          },
          "4": {
            "rmse": 218.24734456214716,
            "mae": 135.30652797962426,
            "mape": 1375338054.2869072,
            "smape": 0.034133634005860385
          },
          "5": {
            "rmse": 203.2689968657091,
            "mae": 126.21736416343802,
            "mape": 1286830291.5286715,
            "smape": 0.034153390730347774
          },
          "6": {
            "rmse": 230.5037209649596,
            "mae": 165.51453336508916,
            "mape": 1144775319.5987606,
            "smape": 0.03692191040754562
          },
          "7": {
            "rmse": 212.0676256602752,
            "mae": 147.4780125259987,
            "mape": 0.01332679778043151,
            "smape": 0.013223262379804446
          },
          "8": {
            "rmse": 270.4302616449749,
            "mae": 181.65755231164533,
            "mape": 0.015975876472678573,
            "smape": 0.015846252871101443
          },
          "9": {
            "rmse": 321.036585945734,
            "mae": 197.2921969289989,
            "mape": 0.015536536827695313,
            "smape": 0.015451553127637265
          },
          "10": {
            "rmse": 367.64027037029075,
            "mae": 243.35100098114626,
            "mape": 0.02110328532903489,
            "smape": 0.02087833601019416
          },
          "11": {
            "rmse": 369.3275257215967,
            "mae": 247.6634468831136,
            "mape": 0.02423906382014296,
            "smape": 0.023578439708467465
          },
          "12": {
            "rmse": 311.8351491338722,
            "mae": 225.85273936425733,
            "mape": 0.02283026655446688,
            "smape": 0.02227964085819326
          },
          "13": {
            "rmse": 282.87508569370834,
            "mae": 184.74157209680712,
            "mape": 0.01806533382702974,
            "smape": 0.017930441141786164
          },
          "14": {
            "rmse": 271.4577776888243,
            "mae": 189.1746358867738,
            "mape": 0.01768076351151247,
            "smape": 0.017656041489559387
          },
          "15": {
            "rmse": 251.03532706234031,
            "mae": 183.47549378760291,
            "mape": 0.018206298406825715,
            "smape": 0.018002966936890644
          },
          "16": {
            "rmse": 273.1413965035587,
            "mae": 190.9281939837939,
            "mape": 0.019900859398570298,
            "smape": 0.019507571905503326
          },
          "17": {
            "rmse": 238.4793196760778,
            "mae": 173.54287749533378,