{
  "targets": {
    "load_mw": {
      "gbm": {
        "per_horizon": {
          "1": {
            "rmse": 206.14056360130192,
            "mae": 138.69576103010627,
            "mape": 0.0016970920652341387,
            "smape": 0.001698187181061031
          },
          "2": {
            "rmse": 244.103744127795,
            "mae": 174.86974806677864,
            "mape": 0.002159127240380625,
            "smape": 0.0021619510797447885
          },
          "3": {
            "rmse": 224.11393946408478,
            "mae": 174.50804176133548,
            "mape": 0.0021565283720597025,
            "smape": 0.002159016161094785
          },
          "4": {
            "rmse": 189.8259257458875,
            "mae": 148.12651531422333,
            "mape": 0.0018310074922083463,
            "smape": 0.0018326614293145869
          },
          "5": {
            "rmse": 171.69353616366777,
            "mae": 143.0934088116081,
            "mape": 0.0018162570117955332,
            "smape": 0.0018178528831772997
          },
          "6": {
            "rmse": 166.04846152231892,
            "mae": 131.7297911243012,
            "mape": 0.0016829383495776005,
            "smape": 0.0016832805729644657
          },
          "7": {
            "rmse": 156.85184483532805,
            "mae": 127.32178845443802,
            "mape": 0.0016580481750319122,
            "smape": 0.0016583018801707293
          },
          "8": {
            "rmse": 139.21532947542434,
            "mae": 113.8197949055133,
            "mape": 0.0014654971822669653,
            "smape": 0.0014660536261452705
          },
          "9": {
            "rmse": 155.22038082977642,
            "mae": 121.7755822777601,
            "mape": 0.0015680333394238217,
            "smape": 0.0015692103551390145
          },
          "10": {
            "rmse": 173.18146773123635,
            "mae": 140.306254635738,
            "mape": 0.0017835495655313782,
            "smape": 0.0017848586310215467
          },
          "11": {
            "rmse": 188.7223270501873,
            "mae": 153.08511095932988,
            "mape": 0.0018603102205423843,
            "smape": 0.0018615470784223976
          },
          "12": {
            "rmse": 172.04693060905828,
            "mae": 131.38848001951206,
            "mape": 0.0015919235398621381,
            "smape": 0.0015919553654254468
          },
          "13": {
            "rmse": 166.33396583000848,
            "mae": 133.2188354003288,
            "mape": 0.0016502003211458162,
            "smape": 0.0016504882930525441
          },
          "14": {
            "rmse": 175.66135632386772,
            "mae": 142.93219869394454,
            "mape": 0.0017717857407950814,
            "smape": 0.0017733265412376545
          },
          "15": {
            "rmse": 144.26973780870057,
            "mae": 108.69338450777259,
            "mape": 0.0013671853111765354,
            "smape": 0.0013674409625378584
          },
          "16": {
            "rmse": 169.9105079725093,
            "mae": 121.6321641164208,
            "mape": 0.0015886178330691597,
            "smape": 0.0015875587842226443
          },
          "17": {
            "rmse": 157.52713470316232,
            "mae": 110.76805134325507,
            "mape": 0.0015049332599286892,
            "smape": 0.0015048473855361344
          },
          "18": {
            "rmse": 203.1170517059602,
            "mae": 163.1566344055217,
            "mape": 0.002271878046236014,
            "smape": 0.0022724331722231168
          },
          "19": {
            "rmse": 197.59817427666823,
            "mae": 146.45006112640854,
            "mape": 0.0021047067477789273,
            "smape": 0.002104567590882129
          },
          "20": {
            "rmse": 192.23927244323642,
            "mae": 154.953525647467,
            "mape": 0.002175572008636144,
            "smape": 0.002177038958306612
          },
          "21": {
            "rmse": 168.61867529247044,
            "mae": 128.94327468308472,
            "mape": 0.00183003193571492,
            "smape": 0.0018306756789067066
          },
          "22": {
            "rmse": 150.33993827786855,
            "mae": 114.6386337863874,
            "mape": 0.001588100777331623,
            "smape": 0.001587218028962775
          },
          "23": {
            "rmse": 211.28847031565948,
            "mae": 170.75248697586974,
            "mape": 0.002300210300917301,
            "smape": 0.002298773006564124
          },
          "24": {
            "rmse": 230.02189829938396,
            "mae": 181.87469101326724,
            "mape": 0.002318309953694215,
            "smape": 0.0023199965011946244
          }
        },
        "horizon": 24
      }
    },
    "wind_mw": {
      "gbm": {
        "per_horizon": {
          "1": {
            "rmse": 360.06806841836266,
            "mae": 227.83916666843385,
            "mape": 0.01836975690137812,
            "smape": 0.018156195284838448
          },
          "2": {
            "rmse": 370.44853848789546,
            "mae": 236.21101743722264,
            "mape": 0.023178862119460988,
            "smape": 0.02261205115216069
          },
          "3": {
            "rmse": 390.6783999463073,
            "mae": 282.235701930879,
            "mape": 0.0284247806743487,
            "smape": 0.027781253080008915
          },
          "4": {
            "rmse": 374.88013427412096,
            "mae": 270.3903916652349,
            "mape": 0.028253447277361073,
            "smape": 0.027379216247432395
          },
          "5": {
            "rmse": 342.1587386849722,
            "mae": 248.89482417267675,
            "mape": 0.0245009641948655,
            "smape": 0.024212660739968122
          },
          "6": {
            "rmse": 321.5920563755278,
            "mae": 231.78830082534333,
            "mape": 0.021068603487866856,
            "smape": 0.020975348757598676
          },
          "7": {
            "rmse": 287.8843018190791,
            "mae": 223.9432466851363,
            "mape": 0.02398513278522439,
            "smape": 0.023528089959917592
          },
          "8": {
            "rmse": 288.43572048834744,
            "mae": 211.29293009013674,
            "mape": 0.02248348750648748,
            "smape": 0.022027925943613677
          },
          "9": {
            "rmse": 226.78782836418037,
            "mae": 180.24871424594676,
            "mape": 0.017728242587023508,
            "smape": 0.01753213273129268
          },
          "10": {
            "rmse": 238.80406242017247,
            "mae": 159.3031719564058,
            "mape": 0.015276529719207002,
            "smape": 0.015154082839815501
          },
          "11": {
            "rmse": 318.74659139425205,
            "mae": 181.07158628209268,
            "mape": 0.01471018105206922,
            "smape": 0.014549291353445116
          },
          "12": {
            "rmse": 408.3016302857249,
            "mae": 217.16901156621603,
            "mape": 0.014266651983287911,
            "smape": 0.014334977834760947
          },
          "13": {
            "rmse": 406.78544017154746,
            "mae": 220.40798270045283,
            "mape": 0.015398695742360528,
            "smape": 0.01558596981378064
          },
          "14": {
            "rmse": 453.6917857511262,
            "mae": 274.3992842524424,
            "mape": 0.017190784367429095,
            "smape": 0.017339565727511903
          },
          "15": {
            "rmse": 379.12012240258406,
            "mae": 211.83690298596255,
            "mape": 0.01372436541716658,
            "smape": 0.013842218818968946
          },
          "16": {
            "rmse": 384.02170911179553,
            "mae": 221.47815899002146,
            "mape": 0.013203812042019826,
            "smape": 0.013305655135432611
          },
          "17": {
            "rmse": 774.1053409633503,