{
  "device": "cpu",
  "quantiles": [
    0.1,
    0.5,
    0.9
  ],
  "targets": {
    "load_mw": {
      "n_features": 114,
      "gbm": {
        "rmse": 183.0899909554885,
        "mae": 134.60371641831492,
        "mape": 0.0017434953416661256,
        "smape": 0.0017441793643448303,
        "r2": 0.9993514634948456,
        "model": "gbm_lightgbm",
        "ensemble_members": 5,
        "cv_results": {
          "rmse_mean": 581.088653717745,
          "rmse_std": 376.17579913506916,
          "rmse_min": 151.14513508084124,
          "rmse_max": 1207.656034976372,
          "mae_mean": 371.74991957213075,
          "mae_std": 223.9902247815349,
          "mae_min": 114.40462290724653,
          "mae_max": 733.7729582997682,
          "mape_mean": 0.004923618474313685,
          "mape_std": 0.003065010831556978,
          "mape_min": 0.0017055599245707016,
          "mape_max": 0.011126736387962105,
          "smape_mean": 0.004923683789989644,
          "smape_std": 0.003055762114495114,
          "smape_min": 0.001705371504627164,
          "smape_max": 0.011136700835187625,
          "r2_mean": 0.9944458891630662,
          "r2_std": 0.005765838361744953,
          "r2_min": 0.9796617638380156,
          "r2_max": 0.9996023738102646
        },
        "residual_quantiles": {
          "0.1": -214.33482928159066,
          "0.5": -14.510040542576462,
          "0.9": 188.74291270730038
        },
        "tuned_params": {
          "n_estimators": 1880,
          "learning_rate": 0.006062368253263828,
          "max_depth": 8,
          "num_leaves": 176,
          "min_child_samples": 15,
          "subsample": 0.85,
          "colsample_bytree": 0.85,
          "reg_alpha": 0.1,
          "reg_lambda": 1.0,
          "verbosity": -1,
          "feature_fraction_seed": 42,
          "bagging_seed": 42,
          "random_state": 42
        },
        "tuning_meta": {
          "enabled": true,
          "n_trials": 260,
          "metric": "val_loss",
          "selection_mode": "top_pct_median",
          "select_top_pct": 0.2,
          "min_top_trials": 5,
          "n_complete_trials": 260,
          "best_objective": 174.7957300964478,
          "selected_params": {
            "n_estimators": 1880,
            "learning_rate": 0.006062368253263828,
            "max_depth": 8,
            "num_leaves": 176
          }
        },
        "quantile_models": [
          "0.1",
          "0.5",
          "0.9"
        ],
        "seed_member_metrics": [
          {
            "seed": 42,
            "val_rmse": 175.79062190011976,
            "val_mae": 129.63450365099908
          },
          {
            "seed": 123,
            "val_rmse": 175.79062190011976,
            "val_mae": 129.63450365099908
          },
          {
            "seed": 456,
            "val_rmse": 175.79062190011976,
            "val_mae": 129.63450365099908
          },
          {
            "seed": 789,
            "val_rmse": 175.79062190011976,
            "val_mae": 129.63450365099908
          },
          {
            "seed": 2024,
            "val_rmse": 175.79062190011976,
            "val_mae": 129.63450365099908
          }
        ]
      },
      "lstm": {
        "rmse": 4413.570886076817,
        "mae": 3416.167851102955,
        "mape": 0.04410213310317136,
        "smape": 0.04456974238131669,
        "r2": 0.6111048919120561,
        "residual_quantiles": {
          "0.1": -2038.7048461567508,
          "0.5": 1285.6122542924095,
          "0.9": 5182.761108569358
        }
      },
      "tcn": {
        "rmse": 6219.553186950962,
        "mae": 4734.462425598746,
        "mape": 0.06060904100770707,
        "smape": 0.06285607979492414,
        "r2": 0.22772737590456016,
        "residual_quantiles": {
          "0.1": -4002.7922600126985,
          "0.5": -74.72918822065549,
          "0.9": 4665.253249425616
        }
      }
    },
    "wind_mw": {
      "n_features": 114,
      "gbm": {
        "rmse": 333.2233077427679,
        "mae": 182.45046281990938,
        "mape": 788198352.0420601,
        "smape": 0.02287204133779921,
        "r2": 0.9975764326286014,
        "daylight_mape": 0.013677988713303191,
        "model": "gbm_lightgbm",
        "ensemble_members": 5,
        "cv_results": {
          "rmse_mean": 448.54905727973545,
          "rmse_std": 518.2103626428968,
          "rmse_min": 142.57991774443948,
          "rmse_max": 1952.831519470652,
          "mae_mean": 274.8308805886285,
          "mae_std": 290.01895017558445,
          "mae_min": 98.10136900169965,
          "mae_max": 1113.4203610589213,
          "mape_mean": 0.02536594583925612,
          "mape_std": 0.017030618148904712,
          "mape_min": 0.00901957762933287,
          "mape_max": 0.07050045635904718,
          "smape_mean": 0.02553566116537647,
          "smape_std": 0.01846165550599123,
          "smape_min": 0.008975674552233059,
          "smape_max": 0.07571271100691551,
          "r2_mean": 0.9809696182072841,
          "r2_std": 0.04430771429079731,
          "r2_min": 0.8488351749153483,
          "r2_max": 0.999313581689405,
          "daylight_mape_mean": 0.02536594583925612,
          "daylight_mape_std": 0.017030618148904712,
          "daylight_mape_min": 0.00901957762933287,
          "daylight_mape_max": 0.07050045635904718
        },
        "residual_quantiles": {
          "0.1": -177.51376290496518,
          "0.5": -11.302000230723934,
          "0.9": 129.55130392248614
        },
        "tuned_params": {
          "n_estimators": 1605,
          "learning_rate": 0.011053668391600099,
          "max_depth": 15,
          "num_leaves": 72,
          "min_child_samples": 15,
          "subsample": 0.85,
          "colsample_bytree": 0.85,
          "reg_alpha": 0.1,
          "reg_lambda": 1.0,
          "verbosity": -1,
          "feature_fraction_seed": 42,
          "bagging_seed": 42,
          "random_state": 42
        },
        "tuning_meta": {
          "enabled": true,
          "n_trials": 260,
          "metric": "val_loss",
          "selection_mode": "top_pct_median",
          "select_top_pct": 0.2,
          "min_top_trials": 5,
          "n_complete_trials": 260,
          "best_objective": 143.807102656811,
          "selected_params": {
            "n_estimators": 1605,
            "learning_rate": 0.011053668391600099,
            "max_depth": 15,
            "num_leaves": 72
          }
        },
        "quantile_models": [
          "0.1",
          "0.5",
          "0.9"
        ],
        "seed_member_metrics": [
          {
            "seed": 42,
            "val_rmse": 146.14410064572186,
            "val_mae": 100.26296964655315
          },
          {
            "seed": 123,
            "val_rmse": 146.14410064572186,
            "val_mae": 100.26296964655315
          },
          {
            "seed": 456,
            "val_rmse": 146.14410064572186,
            "val_mae": 100.26296964655315
          },
          {
            "seed": 789,
            "val_rmse": 146.14410064572186,
            "val_mae": 100.26296964655315
          },
          {
            "seed": 2024,
            "val_rmse": 146.14410064572186,
            "val_mae": 100.26296964655315
          }
        ]
      },
      "lstm": {
        "rmse": 6699.708802166455,
        "mae": 5729.828730333515,
        "mape": 34185.95123977535,
        "smape": 0.4619438785216474,
        "r2": 0.05608484486405474,
        "daylight_mape": 34185.95123977535,
        "residual_quantiles": {
          "0.1": -5481.091332364154,
          "0.5": -129.80003161588593,
          "0.9": 5485.374405763668
        }
      },
      "tcn": {
        "rmse": 6934.903180692785,
        "mae": 5963.546587811382,
        "mape": 32363.88864425602,
        "smape": 0.47302189708212306,
        "r2": -0.011351003562253936,
        "daylight_mape": 32363.88864425602,
        "residual_quantiles": {
          "0.1": -7010.156607236809,