{
  "device": "cpu",
  "quantiles": [
    0.1,
    0.5,
    0.9
  ],
  "targets": {
    "load_mw": {
      "n_features": 114,
      "gbm": {
        "rmse": 165.1972000949653,
        "mae": 125.70895266218417,
        "mape": 0.0017022540431622184,
        "smape": 0.001702701024855939,
        "r2": 0.9995474895588894,
        "model": "gbm_lightgbm",
        "ensemble_members": 2,
        "cv_results": {
          "rmse_mean": 624.0671587226436,
          "rmse_std": 379.7518384602543,
          "rmse_min": 174.92051983934124,
          "rmse_max": 1228.2800428652333,
          "mae_mean": 408.8156805773559,
          "mae_std": 243.31213674381277,
          "mae_min": 132.15033093732745,
          "mae_max": 833.6123894150803,
          "mape_mean": 0.005401652944562757,
          "mape_std": 0.003423377556615262,
          "mape_min": 0.0017947083831566905,
          "mape_max": 0.011550802207432227,
          "smape_mean": 0.0053979416558676855,
          "smape_std": 0.003408921366202998,
          "smape_min": 0.0017940081719787055,
          "smape_max": 0.01156550897451028,
          "r2_mean": 0.9938534095818401,
          "r2_std": 0.006209666536463444,
          "r2_min": 0.9779477492635466,
          "r2_max": 0.9997155348293523
        },
        "residual_quantiles": {
          "0.1": -254.12745635804603,
          "0.5": 0.7694570357707562,
          "0.9": 216.22772561645402
        },
        "tuned_params": null,
        "tuning_meta": null,
        "quantile_models": [
          "0.1",
          "0.5",
          "0.9"
        ],
        "seed_member_metrics": [
          {
            "seed": 42,
            "val_rmse": 229.50530020173218,
            "val_mae": 155.448738883848
          },
          {
            "seed": 123,
            "val_rmse": 229.50530020173218,
            "val_mae": 155.448738883848
          }
        ]
      }
    },
    "wind_mw": {
      "n_features": 114,
      "gbm": {
        "rmse": 310.1482492649589,
        "mae": 182.01035820455317,
        "mape": 526891404.09864044,
        "smape": 0.021228322194786767,
        "r2": 0.9976508699395595,
        "daylight_mape": 0.015545672753742473,
        "model": "gbm_lightgbm",
        "ensemble_members": 2,
        "cv_results": {
          "rmse_mean": 449.08960092946444,
          "rmse_std": 505.85449516752425,
          "rmse_min": 130.12687876370586,
          "rmse_max": 1915.3575776568296,
          "mae_mean": 275.6680952188376,
          "mae_std": 279.17271275851965,
          "mae_min": 91.69717967601578,
          "mae_max": 1082.4602703626783,
          "mape_mean": 0.026976747097501703,
          "mape_std": 0.015681241602527294,
          "mape_min": 0.01351391031543899,
          "mape_max": 0.0695610131642367,
          "smape_mean": 0.02703029015469533,
          "smape_std": 0.01705571188602961,
          "smape_min": 0.013394419102871204,
          "smape_max": 0.07433585656049314,
          "r2_mean": 0.9815037768335303,
          "r2_std": 0.04254713944628761,
          "r2_min": 0.8545810776249311,
          "r2_max": 0.9994487641485864,
          "daylight_mape_mean": 0.026976747097501703,
          "daylight_mape_std": 0.015681241602527294,
          "daylight_mape_min": 0.01351391031543899,
          "daylight_mape_max": 0.0695610131642367
        },
        "residual_quantiles": {
          "0.1": -180.65735887230548,
          "0.5": -9.0025437801105,
          "0.9": 142.28905074045656
        },
        "tuned_params": null,
        "tuning_meta": null,
        "quantile_models": [
          "0.1",
          "0.5",
          "0.9"
        ],
        "seed_member_metrics": [
          {
            "seed": 42,
            "val_rmse": 156.11084620769202,
            "val_mae": 107.75134670485804
          },
          {
            "seed": 123,
            "val_rmse": 156.11084620769202,
            "val_mae": 107.75134670485804
          }
        ]
      }
    },
    "solar_mw": {
      "n_features": 114,
      "gbm": {
        "rmse": 203.7667831136517,
        "mae": 74.63661750223058,
        "mape": 10333701.662738133,
        "smape": 0.4620333223595748,
        "r2": 0.9963946890927655,
        "daylight_mape": 0.7275542570028506,
        "model": "gbm_lightgbm",
        "ensemble_members": 2,
        "cv_results": {
          "rmse_mean": 345.8093037770534,
          "rmse_std": 263.410821991148,
          "rmse_min": 203.92332066100477,
          "rmse_max": 1110.6227001925868,
          "mae_mean": 163.51487883824205,
          "mae_std": 120.89966246220656,
          "mae_min": 88.27217234835574,
          "mae_max": 504.5910840796274,
          "mape_mean": 85544339.16090126,
          "mape_std": 165307760.98216763,
          "mape_min": 0.6631515479140865,
          "mape_max": 570482516.1878637,
          "smape_mean": 0.6096543730505027,
          "smape_std": 0.23125034324454083,
          "smape_min": 0.3177153163191356,
          "smape_max": 0.9899930898155381,
          "r2_mean": 0.984080934255311,
          "r2_std": 0.023928682039479374,
          "r2_min": 0.9162805524787683,
          "r2_max": 0.9980819160987487,
          "daylight_mape_mean": 2.6664602521444762,
          "daylight_mape_std": 3.6989509947579453,
          "daylight_mape_min": 0.26876089340811293,
          "daylight_mape_max": 12.401447934866095
        },
        "residual_quantiles": {
          "0.1": -100.9884125792847,
          "0.5": 0.1125917955679192,
          "0.9": 178.98968586575765
        },
        "tuned_params": null,
        "tuning_meta": null,
        "quantile_models": [
          "0.1",
          "0.5",
          "0.9"
        ],
        "seed_member_metrics": [
          {
            "seed": 42,
            "val_rmse": 249.7122917069321,
            "val_mae": 104.20699826048396
          },
          {
            "seed": 123,
            "val_rmse": 249.7122917069321,
            "val_mae": 104.20699826048396
          }
        ]
      }
    }
  },
  "manifest_id": "20260221_132116"
}