{
  "device": "cpu",
  "quantiles": [
    0.1,
    0.5,
    0.9
  ],
  "targets": {
    "load_mw": {
      "n_features": 114,
      "gbm": {
        "rmse": 162.889098360766,
        "mae": 123.22699049377624,
        "mape": 0.0016708040250974364,
        "smape": 0.0016711108353770399,
        "r2": 0.9995596405739559,
        "model": "gbm_lightgbm",
        "residual_quantiles": {
          "0.1": -240.08390483121912,
          "0.5": 1.004001575824077,
          "0.9": 223.76936378324172
        },
        "tuned_params": {
          "n_estimators": 579,
          "learning_rate": 0.03241794809790991,
          "max_depth": 9,
          "num_leaves": 455,
          "min_child_samples": 15,
          "subsample": 0.85,
          "colsample_bytree": 0.85,
          "reg_alpha": 0.1,
          "reg_lambda": 1.0,
          "verbosity": -1,
          "feature_fraction_seed": 42,
          "bagging_seed": 42,
          "random_state": 42
        },
        "quantile_models": [
          "0.1",
          "0.5",
          "0.9"
        ]
      },
      "lstm": {
        "rmse": 4767.13981471182,
        "mae": 3835.3213548638823,
        "mape": 0.05144989867645077,
        "smape": 0.052446208271787996,
        "r2": 0.6013877727368593,
        "residual_quantiles": {
          "0.1": -3881.3402898481763,
          "0.5": 106.42430730635897,
          "0.9": 3979.594318468993
        }
      },
      "tcn": {
        "rmse": 3850.48798204528,
        "mae": 2877.3076092397896,
        "mape": 0.03773362151594056,
        "smape": 0.03821778287424641,
        "r2": 0.7399442972191905,
        "residual_quantiles": {
          "0.1": -2883.943373386428,
          "0.5": 131.3099167305336,
          "0.9": 3246.9619039301324
        }
      }
    },
    "wind_mw": {
      "n_features": 114,
      "gbm": {
        "rmse": 269.22959007922213,
        "mae": 144.65876286602762,
        "mape": 463928300.7134795,
        "smape": 0.017458976355303666,
        "r2": 0.9982302900825335,
        "daylight_mape": 0.011623347050353698,
        "model": "gbm_lightgbm",
        "residual_quantiles": {
          "0.1": -146.13624197321042,
          "0.5": -3.956117047848238,
          "0.9": 122.63579885222077
        },
        "tuned_params": {
          "n_estimators": 1344,
          "learning_rate": 0.09389887730961098,
          "max_depth": 10,
          "num_leaves": 71,
          "min_child_samples": 15,
          "subsample": 0.85,
          "colsample_bytree": 0.85,
          "reg_alpha": 0.1,
          "reg_lambda": 1.0,
          "verbosity": -1,
          "feature_fraction_seed": 42,
          "bagging_seed": 42,
          "random_state": 42
        },
        "quantile_models": [
          "0.1",
          "0.5",
          "0.9"
        ]
      },
      "lstm": {
        "rmse": 6301.907170540824,
        "mae": 5234.314534441705,
        "mape": 18240.28812852139,
        "smape": 0.4259245611501527,
        "r2": 0.06271993302994172,
        "daylight_mape": 18240.28812852139,
        "residual_quantiles": {
          "0.1": -4475.150705722172,
          "0.5": -1189.2733426387726,
          "0.9": 4841.561518640359
        }
      },
      "tcn": {
        "rmse": 7187.542595933752,
        "mae": 5930.744731074514,
        "mape": 24566.311973066917,
        "smape": 0.476476746555839,
        "r2": -0.2192316862197763,
        "daylight_mape": 24566.311973066917,
        "residual_quantiles": {
          "0.1": -6407.662398398197,
          "0.5": -1520.198256221176,
          "0.9": 5065.717128301903
        }
      }
    },
    "solar_mw": {
      "n_features": 114,
      "gbm": {
        "rmse": 208.9155178581897,
        "mae": 74.92639127730418,
        "mape": 9407839.965532975,
        "smape": 0.45450404712509446,
        "r2": 0.9962112889744528,
        "daylight_mape": 0.8231692256919554,
        "model": "gbm_lightgbm",
        "residual_quantiles": {
          "0.1": -105.40487359477129,
          "0.5": -0.13540998768323487,
          "0.9": 186.9358428282858
        },
        "tuned_params": {
          "n_estimators": 1670,
          "learning_rate": 0.014796495568455002,
          "max_depth": 13,
          "num_leaves": 317,
          "min_child_samples": 15,
          "subsample": 0.85,
          "colsample_bytree": 0.85,
          "reg_alpha": 0.1,
          "reg_lambda": 1.0,
          "verbosity": -1,
          "feature_fraction_seed": 42,
          "bagging_seed": 42,
          "random_state": 42
        },
        "quantile_models": [
          "0.1",
          "0.5",
          "0.9"
        ]
      },
      "lstm": {
        "rmse": 1781.9688755793472,
        "mae": 1055.338939519795,
        "mape": 389364.1547393924,
        "smape": 1.3692435056156054,
        "r2": 0.7135455573711338,
        "daylight_mape": 77.2306877272726,
        "residual_quantiles": {
          "0.1": -2082.151468063862,
          "0.5": 47.1297719359502,
          "0.9": 2091.7653114474733
        }
      },
      "tcn": {
        "rmse": 1743.6645818725526,
        "mae": 965.0847461366311,
        "mape": 308397.89643664926,
        "smape": 1.3149781435492511,
        "r2": 0.7257281564273219,
        "daylight_mape": 71.58159943902696,
        "residual_quantiles": {
          "0.1": -1164.8923985335684,
          "0.5": -179.63114662774979,
          "0.9": 1187.096922631441
        }
      }
    }
  },
  "manifest_id": "20260217_090600"
}