{
  "device": "cpu",
  "quantiles": [
    0.1,
    0.5,
    0.9
  ],
  "targets": {
    "load_mw": {
      "n_features": 114,
      "gbm": {
        "rmse": 139.56084110639836,
        "mae": 103.80694988079468,
        "mape": 0.0014106444790883707,
        "smape": 0.001410804367798613,
        "r2": 0.999676741156638,
        "model": "gbm_lightgbm",
        "residual_quantiles": {
          "0.1": -218.3513450185419,
          "0.5": -3.942487260894268,
          "0.9": 199.03341347064998
        },
        "tuned_params": {
          "n_estimators": 567,
          "learning_rate": 0.01804871768137195,
          "max_depth": 10,
          "num_leaves": 128,
          "min_child_samples": 20,
          "subsample": 0.9,
          "colsample_bytree": 0.9,
          "reg_alpha": 0.05,
          "reg_lambda": 0.5,
          "verbosity": -1,
          "random_state": 42
        },
        "quantile_models": [
          "0.1",
          "0.5",
          "0.9"
        ]
      },
      "lstm": {
        "rmse": 3684.7258041228997,
        "mae": 2826.066128177769,
        "mape": 0.03753817637505856,
        "smape": 0.03795016661539154,
        "r2": 0.7618529594646026,
        "residual_quantiles": {
          "0.1": -3686.687918093783,
          "0.5": -326.290740522094,
          "0.9": 3122.9322019780448
        }
      },
      "tcn": {
        "rmse": 4235.372144626466,
        "mae": 3251.1130439674826,
        "mape": 0.04256222082515162,
        "smape": 0.04341264408873344,
        "r2": 0.6853570614493665,
        "residual_quantiles": {
          "0.1": -3750.209628443612,
          "0.5": 279.1007252769632,
          "0.9": 3843.912472146825
        }
      }
    },
    "wind_mw": {
      "n_features": 114,
      "gbm": {
        "rmse": 244.5496955143561,
        "mae": 111.44366558423876,
        "mape": 421902758.28858805,
        "smape": 0.014679243382987895,
        "r2": 0.998539872577036,
        "daylight_mape": 0.008830862193789831,
        "model": "gbm_lightgbm",
        "residual_quantiles": {
          "0.1": -108.96681660829017,
          "0.5": -2.9794764934554223,
          "0.9": 95.96756948929783
        },
        "tuned_params": {
          "n_estimators": 834,
          "learning_rate": 0.12327296975806408,
          "max_depth": 10,
          "num_leaves": 128,
          "min_child_samples": 20,
          "subsample": 0.9,
          "colsample_bytree": 0.9,
          "reg_alpha": 0.05,
          "reg_lambda": 0.5,
          "verbosity": -1,
          "random_state": 42
        },
        "quantile_models": [
          "0.1",
          "0.5",
          "0.9"
        ]
      },
      "lstm": {
        "rmse": 6732.315044593082,
        "mae": 5393.442130282138,
        "mape": 12754.993780015144,
        "smape": 0.4528177330216119,
        "r2": -0.06968089666101163,
        "daylight_mape": 12754.993780015144,
        "residual_quantiles": {
          "0.1": -4604.988925405429,
          "0.5": -890.8026425506428,
          "0.9": 4634.499541652967
        }
      },
      "tcn": {
        "rmse": 6969.003001818571,
        "mae": 5863.4087310658515,
        "mape": 16490.17437712878,
        "smape": 0.4753333608293543,
        "r2": -0.14621656640882552,
        "daylight_mape": 16490.17437712878,
        "residual_quantiles": {
          "0.1": -6232.681514061938,
          "0.5": -1417.664482917865,
          "0.9": 5543.683250484855
        }
      }
    },
    "solar_mw": {
      "n_features": 114,
      "gbm": {
        "rmse": 214.22632462226662,
        "mae": 75.4025034139851,
        "mape": 15705665.16278832,
        "smape": 0.3802039884459303,
        "r2": 0.9960162162476448,
        "daylight_mape": 0.5363139423770488,
        "model": "gbm_lightgbm",
        "residual_quantiles": {
          "0.1": -97.51873027244187,
          "0.5": 0.23408605064370036,
          "0.9": 196.7844982343804
        },
        "tuned_params": {
          "n_estimators": 677,
          "learning_rate": 0.022409204953708746,
          "max_depth": 10,
          "num_leaves": 128,
          "min_child_samples": 20,
          "subsample": 0.9,
          "colsample_bytree": 0.9,
          "reg_alpha": 0.05,
          "reg_lambda": 0.5,
          "verbosity": -1,
          "random_state": 42
        },
        "quantile_models": [
          "0.1",
          "0.5",
          "0.9"
        ]
      },
      "lstm": {
        "rmse": 1607.664446880507,
        "mae": 985.0155340662252,
        "mape": 393034.06120136444,
        "smape": 1.3414418125495307,
        "r2": 0.766844240121952,
        "daylight_mape": 84.37122030851546,
        "residual_quantiles": {
          "0.1": -1962.7623467393455,
          "0.5": -8.12817805851887,
          "0.9": 1597.3840111721238
        }
      },
      "tcn": {
        "rmse": 1398.1378133547073,
        "mae": 835.0464982482388,
        "mape": 451197.8101677131,
        "smape": 1.302093275861052,
        "r2": 0.8236581889191485,
        "daylight_mape": 92.79426025536415,
        "residual_quantiles": {
          "0.1": -950.4233967945111,
          "0.5": 146.17165599575628,
          "0.9": 1405.4727023645678
        }
      }
    }
  }
}