{
  "device": "cpu",
  "quantiles": [
    0.1,
    0.5,
    0.9
  ],
  "targets": {
    "load_mw": {
      "n_features": 114,
      "gbm": {
        "rmse": 165.23422675880101,
        "mae": 125.747170145024,
        "mape": 0.0017027020867110027,
        "smape": 0.0017031494376180197,
        "r2": 0.9995468695127006,
        "model": "gbm_lightgbm",
        "residual_quantiles": {
          "0.1": -254.1174631847025,
          "0.5": 0.7566299022946623,
          "0.9": 216.1822886734044
        },
        "tuned_params": null,
        "quantile_models": null
      },
      "lstm": {
        "rmse": 3684.7258041228997,
        "mae": 2826.066128177769,
        "mape": 0.03753817637505856,
        "smape": 0.03795016661539154,
        "r2": 0.7618529594646026
      },
      "tcn": {
        "rmse": 4235.372144626466,
        "mae": 3251.1130439674826,
        "mape": 0.04256222082515162,
        "smape": 0.04341264408873344,
        "r2": 0.6853570614493665
      }
    },
    "wind_mw": {
      "n_features": 114,
      "gbm": {
        "rmse": 310.2093820736406,
        "mae": 182.0326613105617,
        "mape": 527148926.7790369,
        "smape": 0.02123504076366505,
        "r2": 0.9976505491613472,
        "daylight_mape": 0.015549611697976468,
        "model": "gbm_lightgbm",
        "residual_quantiles": {
          "0.1": -180.6484495930781,
          "0.5": -9.02472134783784,
          "0.9": 142.26378803556509
        },
        "tuned_params": null,
        "quantile_models": null
      },
      "lstm": {
        "rmse": 6732.315044593082,
        "mae": 5393.442130282138,
        "mape": 12754.993780015144,
        "smape": 0.4528177330216119,
        "r2": -0.06968089666101163,
        "daylight_mape": 12754.993780015144
      },
      "tcn": {
        "rmse": 6969.003001818571,
        "mae": 5863.4087310658515,
        "mape": 16490.17437712878,
        "smape": 0.4753333608293543,
        "r2": -0.14621656640882552,
        "daylight_mape": 16490.17437712878
      }
    },
    "solar_mw": {
      "n_features": 114,
      "gbm": {
        "rmse": 203.81657283172586,
        "mae": 74.67275747690604,
        "mape": 10338752.34764313,
        "smape": 0.46211458014678414,
        "r2": 0.9963939721908535,
        "daylight_mape": 0.7277483588390152,
        "model": "gbm_lightgbm",
        "residual_quantiles": {
          "0.1": -100.98471054498077,
          "0.5": 0.10886549612159768,
          "0.9": 178.93171818027804
        },
        "tuned_params": null,
        "quantile_models": null
      },
      "lstm": {
        "rmse": 1607.664446880507,
        "mae": 985.0155340662252,
        "mape": 393034.06120136444,
        "smape": 1.3414418125495307,
        "r2": 0.766844240121952,
        "daylight_mape": 84.37122030851546
      },
      "tcn": {
        "rmse": 1398.1378133547073,
        "mae": 835.0464982482388,
        "mape": 451197.8101677131,
        "smape": 1.302093275861052,
        "r2": 0.8236581889191485,
        "daylight_mape": 92.79426025536415
      }
    }
  },
  "manifest_id": "20260216_093943"
}