{
  "device": "cpu",
  "quantiles": [
    0.1,
    0.5,
    0.9
  ],
  "targets": {
    "load_mw": {
      "n_features": 114,
      "gbm": {
        "rmse": 139.7999398946088,
        "mae": 104.24131664393661,
        "mape": 0.0014142904384958023,
        "smape": 0.001414437320186238,
        "r2": 0.9996756325791132,
        "model": "gbm_lightgbm",
        "residual_quantiles": {
          "0.1": -223.44678024043242,
          "0.5": 1.02314143593685,
          "0.9": 199.4404608969635
        },
        "tuned_params": {
          "n_estimators": 791,
          "learning_rate": 0.018763186971121105,
          "max_depth": 10,
          "num_leaves": 128,
          "min_child_samples": 20,
          "subsample": 0.9,
          "colsample_bytree": 0.9,
          "reg_alpha": 0.05,
          "reg_lambda": 0.5,
          "verbosity": -1,
          "random_state": 42
        },
        "quantile_models": [
          "0.1",
          "0.5",
          "0.9"
        ]
      },
      "lstm": {
        "rmse": 3684.7258041228997,
        "mae": 2826.066128177769,
        "mape": 0.03753817637505856,
        "smape": 0.03795016661539154,
        "r2": 0.7618529594646026,
        "residual_quantiles": {
          "0.1": -3686.687918093783,
          "0.5": -326.290740522094,
          "0.9": 3122.9322019780448
        }
      },
      "tcn": {
        "rmse": 4235.372144626466,
        "mae": 3251.1130439674826,
        "mape": 0.04256222082515162,
        "smape": 0.04341264408873344,
        "r2": 0.6853570614493665,
        "residual_quantiles": {
          "0.1": -3750.209628443612,
          "0.5": 279.1007252769632,
          "0.9": 3843.912472146825
        }
      }
    },
    "wind_mw": {
      "n_features": 114,
      "gbm": {
        "rmse": 239.61497759875468,
        "mae": 109.43484599414437,
        "mape": 438372316.590885,
        "smape": 0.014542411015666631,
        "r2": 0.9985982052577217,
        "daylight_mape": 0.008703615782994799,
        "model": "gbm_lightgbm",
        "residual_quantiles": {
          "0.1": -106.8356881108839,
          "0.5": -1.9437570870113632,
          "0.9": 94.34988969661902
        },
        "tuned_params": {
          "n_estimators": 110,
          "learning_rate": 0.12358628440092158,
          "max_depth": 10,
          "num_leaves": 128,
          "min_child_samples": 20,
          "subsample": 0.9,
          "colsample_bytree": 0.9,
          "reg_alpha": 0.05,
          "reg_lambda": 0.5,
          "verbosity": -1,
          "random_state": 42
        },
        "quantile_models": [
          "0.1",
          "0.5",
          "0.9"
        ]
      },
      "lstm": {
        "rmse": 6732.315044593082,
        "mae": 5393.442130282138,
        "mape": 12754.993780015144,
        "smape": 0.4528177330216119,
        "r2": -0.06968089666101163,
        "daylight_mape": 12754.993780015144,
        "residual_quantiles": {
          "0.1": -4604.988925405429,
          "0.5": -890.8026425506428,
          "0.9": 4634.499541652967
        }
      },
      "tcn": {
        "rmse": 6969.003001818571,
        "mae": 5863.4087310658515,
        "mape": 16490.17437712878,
        "smape": 0.4753333608293543,
        "r2": -0.14621656640882552,
        "daylight_mape": 16490.17437712878,
        "residual_quantiles": {
          "0.1": -6232.681514061938,
          "0.5": -1417.664482917865,
          "0.9": 5543.683250484855
        }
      }
    },
    "solar_mw": {
      "n_features": 114,
      "gbm": {
        "rmse": 212.88454132556936,
        "mae": 76.1525203715624,
        "mape": 14429469.55735262,
        "smape": 0.4629395592238684,
        "r2": 0.9960659639564748,
        "daylight_mape": 0.6554099637317707,
        "model": "gbm_lightgbm",
        "residual_quantiles": {
          "0.1": -98.61921967098226,
          "0.5": 0.43118743879917226,
          "0.9": 198.54668290103655
        },
        "tuned_params": {
          "n_estimators": 770,
          "learning_rate": 0.026750854397796696,
          "max_depth": 10,
          "num_leaves": 128,
          "min_child_samples": 20,
          "subsample": 0.9,
          "colsample_bytree": 0.9,
          "reg_alpha": 0.05,
          "reg_lambda": 0.5,
          "verbosity": -1,
          "random_state": 42
        },
        "quantile_models": [
          "0.1",
          "0.5",
          "0.9"
        ]
      },
      "lstm": {
        "rmse": 1607.664446880507,
        "mae": 985.0155340662252,
        "mape": 393034.06120136444,
        "smape": 1.3414418125495307,
        "r2": 0.766844240121952,
        "daylight_mape": 84.37122030851546,
        "residual_quantiles": {
          "0.1": -1962.7623467393455,
          "0.5": -8.12817805851887,
          "0.9": 1597.3840111721238
        }
      },
      "tcn": {
        "rmse": 1398.1378133547073,
        "mae": 835.0464982482388,
        "mape": 451197.8101677131,
        "smape": 1.302093275861052,
        "r2": 0.8236581889191485,
        "daylight_mape": 92.79426025536415,
        "residual_quantiles": {
          "0.1": -950.4233967945111,
          "0.5": 146.17165599575628,
          "0.9": 1405.4727023645678
        }
      }
    }
  },
  "manifest_id": "20260209_064126"
}