{
  "device": "cpu",
  "quantiles": [
    0.1,
    0.5,
    0.9
  ],
  "targets": {
    "load_mw": {
      "n_features": 114,
      "gbm": {
        "rmse": 183.369246744089,
        "mae": 140.64221070422795,
        "mape": 0.0018218246510229466,
        "smape": 0.0018225504269295894,
        "r2": 0.9993494836412413,
        "model": "gbm_lightgbm",
        "ensemble_members": 1,
        "residual_quantiles": {
          "0.1": -245.8034962532867,
          "0.5": -25.52581382598146,
          "0.9": 164.17839288512772
        },
        "tuned_params": null,
        "tuning_meta": null,
        "quantile_models": [
          "0.1",
          "0.5",
          "0.9"
        ],
        "seed_member_metrics": [
          {
            "seed": 42,
            "val_rmse": 185.0727029380819,
            "val_mae": 137.1970490887368
          }
        ]
      },
      "lstm": {
        "rmse": 4413.570886076817,
        "mae": 3416.167851102955,
        "mape": 0.04410213310317136,
        "smape": 0.04456974238131669,
        "r2": 0.6111048919120561
      },
      "tcn": {
        "rmse": 6219.553186950962,
        "mae": 4734.462425598746,
        "mape": 0.06060904100770707,
        "smape": 0.06285607979492414,
        "r2": 0.22772737590456016
      }
    },
    "wind_mw": {
      "n_features": 114,
      "gbm": {
        "rmse": 357.09618359110743,
        "mae": 210.72024983372535,
        "mape": 796670137.431063,
        "smape": 0.02649683215003194,
        "r2": 0.9972167336287988,
        "daylight_mape": 0.017494899973797724,
        "model": "gbm_lightgbm",
        "ensemble_members": 1,
        "residual_quantiles": {
          "0.1": -231.45233022902613,
          "0.5": -22.890379540235244,
          "0.9": 153.63807031234612
        },
        "tuned_params": null,
        "tuning_meta": null,
        "quantile_models": [
          "0.1",
          "0.5",
          "0.9"
        ],
        "seed_member_metrics": [
          {
            "seed": 42,
            "val_rmse": 174.6034630782333,
            "val_mae": 122.33252523705369
          }
        ]
      },
      "lstm": {
        "rmse": 6699.708802166455,
        "mae": 5729.828730333515,
        "mape": 34185.95123977535,
        "smape": 0.4619438785216474,
        "r2": 0.05608484486405474,
        "daylight_mape": 34185.95123977535
      },
      "tcn": {
        "rmse": 6934.903180692785,
        "mae": 5963.546587811382,
        "mape": 32363.88864425602,
        "smape": 0.47302189708212306,
        "r2": -0.011351003562253936,
        "daylight_mape": 32363.88864425602
      }
    },
    "solar_mw": {
      "n_features": 114,
      "gbm": {
        "rmse": 229.98768085846916,
        "mae": 82.14335776365684,
        "mape": 10611026.85282825,
        "smape": 0.5309049987178593,
        "r2": 0.9947401791902825,
        "daylight_mape": 0.6680680076052432,
        "model": "gbm_lightgbm",
        "ensemble_members": 1,
        "residual_quantiles": {
          "0.1": -73.30651763106607,
          "0.5": 0.1673638880285413,
          "0.9": 216.7334185740244
        },
        "tuned_params": null,
        "tuning_meta": null,
        "quantile_models": [
          "0.1",
          "0.5",
          "0.9"
        ],
        "seed_member_metrics": [
          {
            "seed": 42,
            "val_rmse": 259.3694203273689,
            "val_mae": 103.71476592251878
          }
        ]
      },
      "lstm": {
        "rmse": 1700.8725151892208,
        "mae": 1161.313448293208,
        "mape": 617506.3702363383,
        "smape": 1.3782643440636377,
        "r2": 0.7185037340658831,
        "daylight_mape": 159.18462406495743
      },
      "tcn": {
        "rmse": 1444.48926066807,
        "mae": 754.7591873337503,
        "mape": 191735.96556505052,
        "smape": 1.2436807834927754,
        "r2": 0.7969711539181439,
        "daylight_mape": 47.4721348447582
      }
    }
  },
  "manifest_id": "20260311_190559"
}