{
  "device": "cpu",
  "quantiles": [
    0.1,
    0.5,
    0.9
  ],
  "targets": {
    "load_mw": {
      "n_features": 35,
      "tcn": {
        "rmse": 10337546.139309801,
        "mae": 8305268.588347409,
        "mape": 112.0459940062566,
        "smape": 1.938473840489906,
        "residual_quantiles": {
          "0.1": -3338.1064093767927,
          "0.5": -103.34438107187452,
          "0.9": 3307.7589484024065
        }
      },
      "gbm": {
        "rmse": 211.1099686007024,
        "mae": 111.44578763515571,
        "mape": 0.001383005581060905,
        "smape": 0.0013837949950884533,
        "model": "gbm_lightgbm"
      },
      "lstm": {
        "rmse": 13411.260866566116,
        "mae": 10238.471109038774,
        "mape": 0.1290998477615506,
        "smape": 0.1346894485583618
      }
    },
    "wind_mw": {
      "n_features": 35,
      "tcn": {
        "rmse": 12387.463213009505,
        "mae": 10764.866388547784,
        "mape": 650182.9154599082,
        "smape": 1.866355859731895,
        "residual_quantiles": {
          "0.1": -0.015176750719547272,
          "0.5": -0.0038280971348285675,
          "0.9": 0.007779637351632119
        }
      },
      "gbm": {
        "rmse": 12411.628450075548,
        "mae": 10782.008009813826,
        "mape": 0.9836917304084284,
        "smape": 1.9673834608137406,
        "model": "gbm_lightgbm"
      },
      "lstm": {
        "rmse": 12492.957293500665,
        "mae": 10925.599039104149,
        "mape": 622.4913997410354,
        "smape": 1.999989700380644
      }
    },
    "solar_mw": {
      "n_features": 35,
      "tcn": {
        "rmse": 4606.334635780951,
        "mae": 2893.23033008698,
        "mape": 1839821087.11728,
        "smape": 1.753898001938242,
        "daylight_mape": 97.73228103944138,
        "residual_quantiles": {
          "0.1": -0.019394466653466225,
          "0.5": -0.007452481426298618,
          "0.9": 0.0029210802167654037
        }
      },
      "gbm": {
        "rmse": 4760.943700726715,
        "mae": 2829.769375090201,
        "mape": 0.9305094530235243,
        "smape": 1.8610189014589982,
        "daylight_mape": 1.0,
        "model": "gbm_lightgbm"
      },
      "lstm": {
        "rmse": 4792.066895724467,
        "mae": 2867.4839629486974,
        "mape": 162219.74691763284,
        "smape": 1.9865236159807007,
        "daylight_mape": 1.0000471658770034
      }
    }
  }
}