{
  "device": "cpu",
  "quantiles": [
    0.1,
    0.5,
    0.9
  ],
  "targets": {
    "load_mw": {
      "n_features": 35,
      "tcn": {
        "rmse": 10337546.139309801,
        "mae": 8305268.588347409,
        "mape": 112.0459940062566,
        "smape": 1.938473840489906,
        "residual_quantiles": {
          "0.1": -3338.1064093767927,
          "0.5": -103.34438107187452,
          "0.9": 3307.7589484024065
        }
      }
    },
    "wind_mw": {
      "n_features": 35,
      "tcn": {
        "rmse": 12387.463213009505,
        "mae": 10764.866388547784,
        "mape": 650182.9154599082,
        "smape": 1.866355859731895,
        "residual_quantiles": {
          "0.1": -0.015176750719547272,
          "0.5": -0.0038280971348285675,
          "0.9": 0.007779637351632119
        }
      }
    },
    "solar_mw": {
      "n_features": 35,
      "tcn": {
        "rmse": 4606.334635780951,
        "mae": 2893.23033008698,
        "mape": 1839821087.11728,
        "smape": 1.753898001938242,
        "daylight_mape": 97.73228103944138,
        "residual_quantiles": {
          "0.1": -0.019394466653466225,
          "0.5": -0.007452481426298618,
          "0.9": 0.0029210802167654037
        }
      }
    }
  }
}