controller,true_soc_violation_rate_mean,true_soc_violation_rate_ci_low,true_soc_violation_rate_ci_high,true_soc_violation_severity_p95_mean,true_soc_violation_severity_p95_ci_low,true_soc_violation_severity_p95_ci_high,intervention_rate_mean,intervention_rate_ci_low,intervention_rate_ci_high,cost_delta_pct_mean
dc3s_wrapped,0.000000,0.000000,0.000000,0.000000,0.000000,0.000000,0.000000,0.000000,0.000000,-0.018975
dc3s_ftit,0.000000,0.000000,0.000000,0.000000,0.000000,0.000000,0.027976,0.000000,0.055208,0.030392
deterministic_lp,0.039087,0.016220,0.084970,333.374926,66.542111,866.125732,0.000000,0.000000,0.000000,0.000000
cvar_interval,0.255754,0.010268,0.613095,0.280106,0.063257,0.538528,0.000000,0.000000,0.000000,-0.020447
robust_fixed_interval,0.255754,0.010268,0.613095,0.280106,0.063257,0.538528,0.000000,0.000000,0.000000,-0.020447
