controller,true_soc_violation_rate_mean,true_soc_violation_rate_ci_low,true_soc_violation_rate_ci_high,true_soc_violation_severity_p95_mean,true_soc_violation_severity_p95_ci_low,true_soc_violation_severity_p95_ci_high,intervention_rate_mean,intervention_rate_ci_low,intervention_rate_ci_high,cost_delta_pct_mean
aci_conformal,0.000000,0.000000,0.000000,0.000000,0.000000,0.000000,0.020833,0.020833,0.020833,0.023244
cvar_interval,0.191667,0.119427,0.274305,333.582626,0.265437,848.045446,0.000000,0.000000,0.000000,-0.009092
dc3s_ftit,0.000000,0.000000,0.000000,0.000000,0.000000,0.000000,0.088194,0.070139,0.105556,0.147639
dc3s_wrapped,0.000000,0.000000,0.000000,0.000000,0.000000,0.000000,0.000000,0.000000,0.000000,0.054576
deterministic_lp,0.129861,0.105555,0.170833,547.992608,198.317264,1056.208662,0.000000,0.000000,0.000000,0.000000
robust_fixed_interval,0.191667,0.119427,0.274305,333.582626,0.265437,848.045446,0.000000,0.000000,0.000000,-0.009092
scenario_mpc,0.000000,0.000000,0.000000,0.000000,0.000000,0.000000,0.000000,0.000000,0.000000,0.006481
scenario_robust,0.000000,0.000000,0.000000,0.000000,0.000000,0.000000,0.000000,0.000000,0.000000,0.006481
