Metric,Baseline,GridPulse,Delta
Cost (USD),313922207.57,309682581.7290926,1.35%
Carbon (kg),2735349208.128285,2731872749.441111,0.13%
Peak (MW),60844.0,55876.0,
