controller,tsvr,oasg,cva,gdq,intervention_rate,fallback_activation_rate,max_alert_rate,useful_work_total,useful_work_mean,audit_completeness,recovery_latency,n_steps
baseline,0.19448937069254418,0.0003424108638953243,1.0,0.8055106293074559,0.0,0.0,0.0,221108.0,1.610846410514199,0.0,0.0,137262
ews_threshold,2.9141350118751002e-05,0.9999708586498812,0.0,0.0,1.0,0.49629176319738894,0.49629176319738894,51852.0,0.37775932158936926,0.0,0.0,137262
conformal_alert_only,0.20041963544171001,0.79958036455829,0.0,0.0,1.0,0.0,0.0,84077.20000004258,0.6125307805513731,0.0,0.0,137262
predictor_only_no_runtime,0.20041963544171001,0.79958036455829,0.0,0.0,0.0,0.0,0.0,109752.0,0.79958036455829,0.0,0.0,137262
fixed_conservative_alert,0.20041963544171001,0.79958036455829,0.0,0.0,1.0,0.0,0.0,38413.199999920434,0.27985312759482184,0.0,0.0,137262
stale_certificate_no_temporal_guard,2.9141350118751002e-05,0.9999708586498812,0.0,0.0,1.0,0.442183561364398,0.442183561364398,49765.95000006826,0.3625617432360614,0.0,0.0,137262
always_alert,0.0,0.0,1.0,0.0,1.0,1.0,1.0,0.0,0.0,1.0,0.0,137262
orius,0.0,0.0,1.0,0.674699505764211,0.7510090192478618,0.49771968935320776,0.49771968935320776,92610.60356020714,0.674699505764211,1.0,0.0,137262
