fault_type,count,covered,miss_count,avg_interval_width,avg_abs_residual,empirical_coverage,under_coverage_gap
delay_jitter,685,677,8,220.9332057567496,20.148744669965666,0.9883211678832117,0.0
drift_combo,633,618,15,168.89311561263858,17.018833997615307,0.976303317535545,0.0
dropout,128,128,0,255.40589742053686,8.322929437050588,1.0,0.0
out_of_order,646,643,3,188.68450913829432,33.74445881108579,0.9953560371517027,0.0
spikes,335,335,0,218.8981630387775,13.16731379743727,1.0,0.0
stale,654,643,11,177.18711580627297,14.921433164107654,0.9831804281345565,0.0
