reliability_bin,count,covered,miss_count,avg_interval_width,avg_abs_residual,empirical_coverage,under_coverage_gap
0,710,710,0,252.51501225362495,18.696962834066277,1.0,0.0
1,657,657,0,238.55363675300714,23.134921584808026,1.0,0.0
2,517,515,2,189.58048045498018,25.215822088567712,0.9961315280464217,0.0
3,543,530,13,179.87481269813142,17.153747500946,0.9760589318600368,0.0
4,654,632,22,141.4382131689559,15.275950891867344,0.9663608562691132,0.0
