volatility_bin,count,covered,miss_count,avg_interval_width,avg_abs_residual,empirical_coverage,under_coverage_gap
0,2888,2857,31,205.52786369752474,18.70020029469453,0.9892659279778393,0.0
1,103,97,6,193.45008867298984,30.17973965307402,0.941747572815534,0.0
2,69,69,0,190.96371415331765,10.663177493478182,1.0,0.0
3,17,17,0,198.898244117999,10.324266338627684,1.0,0.0
4,4,4,0,125.78837560732151,16.252882328859478,1.0,0.0
