domain,dataset,target,expected_model,metric_model_key,model_role,config_path,local_data_paths,local_data_exists,split_dir,split_complete,split_row_counts,model_artifact_path,model_artifact_exists,evaluation_metrics_path,evaluation_metrics_contains_model,calibration_artifact_path,calibration_artifact_exists,backtest_artifact_path,backtest_artifact_exists,model_card_path,model_card_exists,safety_runtime_path,safety_runtime_exists,baseline_comparison_path,baseline_comparison_exists,runtime_negative_controls_path,runtime_negative_controls_exists,runtime_ablation_path,runtime_ablation_exists,paper_artifacts,paper_artifacts_exist,model_quality_gate_status,model_quality_gate_blockers,status,notes
Battery,Germany OPSD battery/energy witness,load_mw,baseline_gbm,gbm,release_model,configs/train_forecast.yaml,data/raw/time_series_60min_singleindex.csv;data/processed/features.parquet,True,data/processed/splits,True,"{""calibration"": 868, ""test"": 2537, ""train"": 12163, ""val"": 1737}",artifacts/models/gbm_lightgbm_load_mw.pkl,True,reports/week2_metrics.json,True,artifacts/uncertainty/gbm_load_mw_conformal.json,True,artifacts/backtests/gbm_load_mw_test.npz,True,reports/model_cards/load_mw.md,True,reports/battery_av/battery/runtime_summary.csv,True,reports/battery_av/battery/runtime_comparator_summary.csv,True,reports/battery_av/battery/runtime_negative_controls.csv,True,reports/battery_av/battery/runtime_ablation_summary.csv,True,reports/publication/three_domain_ml_benchmark.csv;reports/publication/three_domain_forecast_calibration_runtime_evidence.csv;reports/publication/utility_preserving_safety_scorecard.csv;reports/publication/model_quality_gate.json;paper/assets/figures/fig_battery_deep_oqe_summary.png,True,pass,,COMPLETE,"Verified from active config, artifacts, metrics, calibration/backtest, runtime, and publication evidence."
Battery,Germany OPSD battery/energy witness,load_mw,quantile_gbm,quantile_gbm,uncertainty_component,configs/train_forecast.yaml,data/raw/time_series_60min_singleindex.csv;data/processed/features.parquet,True,data/processed/splits,True,"{""calibration"": 868, ""test"": 2537, ""train"": 12163, ""val"": 1737}",,False,reports/week2_metrics.json,False,artifacts/uncertainty/load_mw_conformal.json,True,artifacts/backtests/load_mw_test.npz,True,reports/model_cards/load_mw.md,True,reports/battery_av/battery/runtime_summary.csv,True,reports/battery_av/battery/runtime_comparator_summary.csv,True,reports/battery_av/battery/runtime_negative_controls.csv,True,reports/battery_av/battery/runtime_ablation_summary.csv,True,reports/publication/three_domain_ml_benchmark.csv;reports/publication/three_domain_forecast_calibration_runtime_evidence.csv;reports/publication/utility_preserving_safety_scorecard.csv;reports/publication/model_quality_gate.json;paper/assets/figures/fig_battery_deep_oqe_summary.png,True,not_applicable,,PARTIAL,Configured quantile_gbm is treated as an uncertainty/calibration component; no independent checkpoint or model-quality metric key found.
Battery,Germany OPSD battery/energy witness,load_mw,dl_lstm,lstm,candidate_model,configs/train_forecast.yaml,data/raw/time_series_60min_singleindex.csv;data/processed/features.parquet,True,data/processed/splits,True,"{""calibration"": 868, ""test"": 2537, ""train"": 12163, ""val"": 1737}",artifacts/models/lstm_load_mw.pt,True,reports/week2_metrics.json,True,artifacts/uncertainty/lstm_load_mw_conformal.json,True,artifacts/backtests/lstm_load_mw_test.npz,True,reports/model_cards/load_mw.md,True,reports/battery_av/battery/runtime_summary.csv,True,reports/battery_av/battery/runtime_comparator_summary.csv,True,reports/battery_av/battery/runtime_negative_controls.csv,True,reports/battery_av/battery/runtime_ablation_summary.csv,True,reports/publication/three_domain_ml_benchmark.csv;reports/publication/three_domain_forecast_calibration_runtime_evidence.csv;reports/publication/utility_preserving_safety_scorecard.csv;reports/publication/model_quality_gate.json;paper/assets/figures/fig_battery_deep_oqe_summary.png,True,block,calibration under-coverage: PICP@90 0.593 below policy; latency p95 7.154ms exceeds budget 5.000ms,PARTIAL,Model-quality gate marks this non-release candidate as blocked: calibration under-coverage: PICP@90 0.593 below policy; latency p95 7.154ms exceeds budget 5.000ms
Battery,Germany OPSD battery/energy witness,load_mw,dl_tcn,tcn,candidate_model,configs/train_forecast.yaml,data/raw/time_series_60min_singleindex.csv;data/processed/features.parquet,True,data/processed/splits,True,"{""calibration"": 868, ""test"": 2537, ""train"": 12163, ""val"": 1737}",artifacts/models/tcn_load_mw.pt,True,reports/week2_metrics.json,True,artifacts/uncertainty/tcn_load_mw_conformal.json,True,artifacts/backtests/tcn_load_mw_test.npz,True,reports/model_cards/load_mw.md,True,reports/battery_av/battery/runtime_summary.csv,True,reports/battery_av/battery/runtime_comparator_summary.csv,True,reports/battery_av/battery/runtime_negative_controls.csv,True,reports/battery_av/battery/runtime_ablation_summary.csv,True,reports/publication/three_domain_ml_benchmark.csv;reports/publication/three_domain_forecast_calibration_runtime_evidence.csv;reports/publication/utility_preserving_safety_scorecard.csv;reports/publication/model_quality_gate.json;paper/assets/figures/fig_battery_deep_oqe_summary.png,True,block,calibration under-coverage: PICP@90 0.445 below policy; latency p95 13.379ms exceeds budget 5.000ms; gradient stability failure: clipped fraction 0.562 exceeds policy,PARTIAL,Model-quality gate marks this non-release candidate as blocked: calibration under-coverage: PICP@90 0.445 below policy; latency p95 13.379ms exceeds budget 5.000ms; gradient stability failure: clipped fraction 0.562 exceeds policy
Battery,Germany OPSD battery/energy witness,load_mw,dl_nbeats,nbeats,candidate_model,configs/train_forecast.yaml,data/raw/time_series_60min_singleindex.csv;data/processed/features.parquet,True,data/processed/splits,True,"{""calibration"": 868, ""test"": 2537, ""train"": 12163, ""val"": 1737}",artifacts/models/nbeats_load_mw.pt,True,reports/week2_metrics.json,True,artifacts/uncertainty/nbeats_load_mw_conformal.json,True,artifacts/backtests/nbeats_load_mw_test.npz,True,reports/model_cards/load_mw.md,True,reports/battery_av/battery/runtime_summary.csv,True,reports/battery_av/battery/runtime_comparator_summary.csv,True,reports/battery_av/battery/runtime_negative_controls.csv,True,reports/battery_av/battery/runtime_ablation_summary.csv,True,reports/publication/three_domain_ml_benchmark.csv;reports/publication/three_domain_forecast_calibration_runtime_evidence.csv;reports/publication/utility_preserving_safety_scorecard.csv;reports/publication/model_quality_gate.json;paper/assets/figures/fig_battery_deep_oqe_summary.png,True,block,calibration under-coverage: PICP@90 0.747 below policy,PARTIAL,Model-quality gate marks this non-release candidate as blocked: calibration under-coverage: PICP@90 0.747 below policy
Battery,Germany OPSD battery/energy witness,load_mw,dl_tft,tft,candidate_model,configs/train_forecast.yaml,data/raw/time_series_60min_singleindex.csv;data/processed/features.parquet,True,data/processed/splits,True,"{""calibration"": 868, ""test"": 2537, ""train"": 12163, ""val"": 1737}",artifacts/models/tft_load_mw.pt,True,reports/week2_metrics.json,True,artifacts/uncertainty/tft_load_mw_conformal.json,True,artifacts/backtests/tft_load_mw_test.npz,True,reports/model_cards/load_mw.md,True,reports/battery_av/battery/runtime_summary.csv,True,reports/battery_av/battery/runtime_comparator_summary.csv,True,reports/battery_av/battery/runtime_negative_controls.csv,True,reports/battery_av/battery/runtime_ablation_summary.csv,True,reports/publication/three_domain_ml_benchmark.csv;reports/publication/three_domain_forecast_calibration_runtime_evidence.csv;reports/publication/utility_preserving_safety_scorecard.csv;reports/publication/model_quality_gate.json;paper/assets/figures/fig_battery_deep_oqe_summary.png,True,block,calibration under-coverage: PICP@90 0.844 below policy,PARTIAL,Model-quality gate marks this non-release candidate as blocked: calibration under-coverage: PICP@90 0.844 below policy
Battery,Germany OPSD battery/energy witness,load_mw,dl_patchtst,patchtst,candidate_model,configs/train_forecast.yaml,data/raw/time_series_60min_singleindex.csv;data/processed/features.parquet,True,data/processed/splits,True,"{""calibration"": 868, ""test"": 2537, ""train"": 12163, ""val"": 1737}",artifacts/models/patchtst_load_mw.pt,True,reports/week2_metrics.json,True,artifacts/uncertainty/patchtst_load_mw_conformal.json,True,artifacts/backtests/patchtst_load_mw_test.npz,True,reports/model_cards/load_mw.md,True,reports/battery_av/battery/runtime_summary.csv,True,reports/battery_av/battery/runtime_comparator_summary.csv,True,reports/battery_av/battery/runtime_negative_controls.csv,True,reports/battery_av/battery/runtime_ablation_summary.csv,True,reports/publication/three_domain_ml_benchmark.csv;reports/publication/three_domain_forecast_calibration_runtime_evidence.csv;reports/publication/utility_preserving_safety_scorecard.csv;reports/publication/model_quality_gate.json;paper/assets/figures/fig_battery_deep_oqe_summary.png,True,pass,,COMPLETE,"Verified from active config, artifacts, metrics, calibration/backtest, runtime, and publication evidence."
Battery,Germany OPSD battery/energy witness,wind_mw,baseline_gbm,gbm,release_model,configs/train_forecast.yaml,data/raw/time_series_60min_singleindex.csv;data/processed/features.parquet,True,data/processed/splits,True,"{""calibration"": 868, ""test"": 2537, ""train"": 12163, ""val"": 1737}",artifacts/models/gbm_lightgbm_wind_mw.pkl,True,reports/week2_metrics.json,True,artifacts/uncertainty/gbm_wind_mw_conformal.json,True,artifacts/backtests/gbm_wind_mw_test.npz,True,reports/model_cards/wind_mw.md,True,reports/battery_av/battery/runtime_summary.csv,True,reports/battery_av/battery/runtime_comparator_summary.csv,True,reports/battery_av/battery/runtime_negative_controls.csv,True,reports/battery_av/battery/runtime_ablation_summary.csv,True,reports/publication/three_domain_ml_benchmark.csv;reports/publication/three_domain_forecast_calibration_runtime_evidence.csv;reports/publication/utility_preserving_safety_scorecard.csv;reports/publication/model_quality_gate.json;paper/assets/figures/fig_battery_deep_oqe_summary.png,True,pass,,COMPLETE,"Verified from active config, artifacts, metrics, calibration/backtest, runtime, and publication evidence."
Battery,Germany OPSD battery/energy witness,wind_mw,quantile_gbm,quantile_gbm,uncertainty_component,configs/train_forecast.yaml,data/raw/time_series_60min_singleindex.csv;data/processed/features.parquet,True,data/processed/splits,True,"{""calibration"": 868, ""test"": 2537, ""train"": 12163, ""val"": 1737}",,False,reports/week2_metrics.json,False,artifacts/uncertainty/wind_mw_conformal.json,True,artifacts/backtests/wind_mw_test.npz,True,reports/model_cards/wind_mw.md,True,reports/battery_av/battery/runtime_summary.csv,True,reports/battery_av/battery/runtime_comparator_summary.csv,True,reports/battery_av/battery/runtime_negative_controls.csv,True,reports/battery_av/battery/runtime_ablation_summary.csv,True,reports/publication/three_domain_ml_benchmark.csv;reports/publication/three_domain_forecast_calibration_runtime_evidence.csv;reports/publication/utility_preserving_safety_scorecard.csv;reports/publication/model_quality_gate.json;paper/assets/figures/fig_battery_deep_oqe_summary.png,True,not_applicable,,PARTIAL,Configured quantile_gbm is treated as an uncertainty/calibration component; no independent checkpoint or model-quality metric key found.
Battery,Germany OPSD battery/energy witness,wind_mw,dl_lstm,lstm,candidate_model,configs/train_forecast.yaml,data/raw/time_series_60min_singleindex.csv;data/processed/features.parquet,True,data/processed/splits,True,"{""calibration"": 868, ""test"": 2537, ""train"": 12163, ""val"": 1737}",artifacts/models/lstm_wind_mw.pt,True,reports/week2_metrics.json,False,artifacts/uncertainty/lstm_wind_mw_conformal.json,True,artifacts/backtests/lstm_wind_mw_test.npz,True,reports/model_cards/wind_mw.md,True,reports/battery_av/battery/runtime_summary.csv,True,reports/battery_av/battery/runtime_comparator_summary.csv,True,reports/battery_av/battery/runtime_negative_controls.csv,True,reports/battery_av/battery/runtime_ablation_summary.csv,True,reports/publication/three_domain_ml_benchmark.csv;reports/publication/three_domain_forecast_calibration_runtime_evidence.csv;reports/publication/utility_preserving_safety_scorecard.csv;reports/publication/model_quality_gate.json;paper/assets/figures/fig_battery_deep_oqe_summary.png,True,not_in_gate,,PARTIAL,Canonical metrics file does not contain this model key for the target.
Battery,Germany OPSD battery/energy witness,wind_mw,dl_tcn,tcn,candidate_model,configs/train_forecast.yaml,data/raw/time_series_60min_singleindex.csv;data/processed/features.parquet,True,data/processed/splits,True,"{""calibration"": 868, ""test"": 2537, ""train"": 12163, ""val"": 1737}",artifacts/models/tcn_wind_mw.pt,True,reports/week2_metrics.json,False,artifacts/uncertainty/tcn_wind_mw_conformal.json,True,artifacts/backtests/tcn_wind_mw_test.npz,True,reports/model_cards/wind_mw.md,True,reports/battery_av/battery/runtime_summary.csv,True,reports/battery_av/battery/runtime_comparator_summary.csv,True,reports/battery_av/battery/runtime_negative_controls.csv,True,reports/battery_av/battery/runtime_ablation_summary.csv,True,reports/publication/three_domain_ml_benchmark.csv;reports/publication/three_domain_forecast_calibration_runtime_evidence.csv;reports/publication/utility_preserving_safety_scorecard.csv;reports/publication/model_quality_gate.json;paper/assets/figures/fig_battery_deep_oqe_summary.png,True,not_in_gate,,PARTIAL,Canonical metrics file does not contain this model key for the target.
Battery,Germany OPSD battery/energy witness,wind_mw,dl_nbeats,nbeats,candidate_model,configs/train_forecast.yaml,data/raw/time_series_60min_singleindex.csv;data/processed/features.parquet,True,data/processed/splits,True,"{""calibration"": 868, ""test"": 2537, ""train"": 12163, ""val"": 1737}",artifacts/models/nbeats_wind_mw.pt,True,reports/week2_metrics.json,False,artifacts/uncertainty/nbeats_wind_mw_conformal.json,True,artifacts/backtests/nbeats_wind_mw_test.npz,True,reports/model_cards/wind_mw.md,True,reports/battery_av/battery/runtime_summary.csv,True,reports/battery_av/battery/runtime_comparator_summary.csv,True,reports/battery_av/battery/runtime_negative_controls.csv,True,reports/battery_av/battery/runtime_ablation_summary.csv,True,reports/publication/three_domain_ml_benchmark.csv;reports/publication/three_domain_forecast_calibration_runtime_evidence.csv;reports/publication/utility_preserving_safety_scorecard.csv;reports/publication/model_quality_gate.json;paper/assets/figures/fig_battery_deep_oqe_summary.png,True,not_in_gate,,PARTIAL,Canonical metrics file does not contain this model key for the target.
Battery,Germany OPSD battery/energy witness,wind_mw,dl_tft,tft,candidate_model,configs/train_forecast.yaml,data/raw/time_series_60min_singleindex.csv;data/processed/features.parquet,True,data/processed/splits,True,"{""calibration"": 868, ""test"": 2537, ""train"": 12163, ""val"": 1737}",artifacts/models/tft_wind_mw.pt,True,reports/week2_metrics.json,False,artifacts/uncertainty/tft_wind_mw_conformal.json,True,artifacts/backtests/tft_wind_mw_test.npz,True,reports/model_cards/wind_mw.md,True,reports/battery_av/battery/runtime_summary.csv,True,reports/battery_av/battery/runtime_comparator_summary.csv,True,reports/battery_av/battery/runtime_negative_controls.csv,True,reports/battery_av/battery/runtime_ablation_summary.csv,True,reports/publication/three_domain_ml_benchmark.csv;reports/publication/three_domain_forecast_calibration_runtime_evidence.csv;reports/publication/utility_preserving_safety_scorecard.csv;reports/publication/model_quality_gate.json;paper/assets/figures/fig_battery_deep_oqe_summary.png,True,not_in_gate,,PARTIAL,Canonical metrics file does not contain this model key for the target.
Battery,Germany OPSD battery/energy witness,wind_mw,dl_patchtst,patchtst,candidate_model,configs/train_forecast.yaml,data/raw/time_series_60min_singleindex.csv;data/processed/features.parquet,True,data/processed/splits,True,"{""calibration"": 868, ""test"": 2537, ""train"": 12163, ""val"": 1737}",artifacts/models/patchtst_wind_mw.pt,True,reports/week2_metrics.json,False,artifacts/uncertainty/patchtst_wind_mw_conformal.json,True,artifacts/backtests/patchtst_wind_mw_test.npz,True,reports/model_cards/wind_mw.md,True,reports/battery_av/battery/runtime_summary.csv,True,reports/battery_av/battery/runtime_comparator_summary.csv,True,reports/battery_av/battery/runtime_negative_controls.csv,True,reports/battery_av/battery/runtime_ablation_summary.csv,True,reports/publication/three_domain_ml_benchmark.csv;reports/publication/three_domain_forecast_calibration_runtime_evidence.csv;reports/publication/utility_preserving_safety_scorecard.csv;reports/publication/model_quality_gate.json;paper/assets/figures/fig_battery_deep_oqe_summary.png,True,not_in_gate,,PARTIAL,Canonical metrics file does not contain this model key for the target.
Battery,Germany OPSD battery/energy witness,solar_mw,baseline_gbm,gbm,release_model,configs/train_forecast.yaml,data/raw/time_series_60min_singleindex.csv;data/processed/features.parquet,True,data/processed/splits,True,"{""calibration"": 868, ""test"": 2537, ""train"": 12163, ""val"": 1737}",artifacts/models/gbm_lightgbm_solar_mw.pkl,True,reports/week2_metrics.json,True,artifacts/uncertainty/gbm_solar_mw_conformal.json,True,artifacts/backtests/gbm_solar_mw_test.npz,True,reports/model_cards/solar_mw.md,True,reports/battery_av/battery/runtime_summary.csv,True,reports/battery_av/battery/runtime_comparator_summary.csv,True,reports/battery_av/battery/runtime_negative_controls.csv,True,reports/battery_av/battery/runtime_ablation_summary.csv,True,reports/publication/three_domain_ml_benchmark.csv;reports/publication/three_domain_forecast_calibration_runtime_evidence.csv;reports/publication/utility_preserving_safety_scorecard.csv;reports/publication/model_quality_gate.json;paper/assets/figures/fig_battery_deep_oqe_summary.png,True,pass,,COMPLETE,"Verified from active config, artifacts, metrics, calibration/backtest, runtime, and publication evidence."
Battery,Germany OPSD battery/energy witness,solar_mw,quantile_gbm,quantile_gbm,uncertainty_component,configs/train_forecast.yaml,data/raw/time_series_60min_singleindex.csv;data/processed/features.parquet,True,data/processed/splits,True,"{""calibration"": 868, ""test"": 2537, ""train"": 12163, ""val"": 1737}",,False,reports/week2_metrics.json,False,artifacts/uncertainty/solar_mw_conformal.json,True,artifacts/backtests/solar_mw_test.npz,True,reports/model_cards/solar_mw.md,True,reports/battery_av/battery/runtime_summary.csv,True,reports/battery_av/battery/runtime_comparator_summary.csv,True,reports/battery_av/battery/runtime_negative_controls.csv,True,reports/battery_av/battery/runtime_ablation_summary.csv,True,reports/publication/three_domain_ml_benchmark.csv;reports/publication/three_domain_forecast_calibration_runtime_evidence.csv;reports/publication/utility_preserving_safety_scorecard.csv;reports/publication/model_quality_gate.json;paper/assets/figures/fig_battery_deep_oqe_summary.png,True,not_applicable,,PARTIAL,Configured quantile_gbm is treated as an uncertainty/calibration component; no independent checkpoint or model-quality metric key found.
Battery,Germany OPSD battery/energy witness,solar_mw,dl_lstm,lstm,candidate_model,configs/train_forecast.yaml,data/raw/time_series_60min_singleindex.csv;data/processed/features.parquet,True,data/processed/splits,True,"{""calibration"": 868, ""test"": 2537, ""train"": 12163, ""val"": 1737}",artifacts/models/lstm_solar_mw.pt,True,reports/week2_metrics.json,True,artifacts/uncertainty/lstm_solar_mw_conformal.json,True,artifacts/backtests/lstm_solar_mw_test.npz,True,reports/model_cards/solar_mw.md,True,reports/battery_av/battery/runtime_summary.csv,True,reports/battery_av/battery/runtime_comparator_summary.csv,True,reports/battery_av/battery/runtime_negative_controls.csv,True,reports/battery_av/battery/runtime_ablation_summary.csv,True,reports/publication/three_domain_ml_benchmark.csv;reports/publication/three_domain_forecast_calibration_runtime_evidence.csv;reports/publication/utility_preserving_safety_scorecard.csv;reports/publication/model_quality_gate.json;paper/assets/figures/fig_battery_deep_oqe_summary.png,True,block,latency p95 10.239ms exceeds budget 5.000ms,PARTIAL,Model-quality gate marks this non-release candidate as blocked: latency p95 10.239ms exceeds budget 5.000ms
Battery,Germany OPSD battery/energy witness,solar_mw,dl_tcn,tcn,candidate_model,configs/train_forecast.yaml,data/raw/time_series_60min_singleindex.csv;data/processed/features.parquet,True,data/processed/splits,True,"{""calibration"": 868, ""test"": 2537, ""train"": 12163, ""val"": 1737}",artifacts/models/tcn_solar_mw.pt,True,reports/week2_metrics.json,True,artifacts/uncertainty/tcn_solar_mw_conformal.json,True,artifacts/backtests/tcn_solar_mw_test.npz,True,reports/model_cards/solar_mw.md,True,reports/battery_av/battery/runtime_summary.csv,True,reports/battery_av/battery/runtime_comparator_summary.csv,True,reports/battery_av/battery/runtime_negative_controls.csv,True,reports/battery_av/battery/runtime_ablation_summary.csv,True,reports/publication/three_domain_ml_benchmark.csv;reports/publication/three_domain_forecast_calibration_runtime_evidence.csv;reports/publication/utility_preserving_safety_scorecard.csv;reports/publication/model_quality_gate.json;paper/assets/figures/fig_battery_deep_oqe_summary.png,True,block,latency p95 13.128ms exceeds budget 5.000ms,PARTIAL,Model-quality gate marks this non-release candidate as blocked: latency p95 13.128ms exceeds budget 5.000ms
Battery,Germany OPSD battery/energy witness,solar_mw,dl_nbeats,nbeats,candidate_model,configs/train_forecast.yaml,data/raw/time_series_60min_singleindex.csv;data/processed/features.parquet,True,data/processed/splits,True,"{""calibration"": 868, ""test"": 2537, ""train"": 12163, ""val"": 1737}",artifacts/models/nbeats_solar_mw.pt,True,reports/week2_metrics.json,True,artifacts/uncertainty/nbeats_solar_mw_conformal.json,True,artifacts/backtests/nbeats_solar_mw_test.npz,True,reports/model_cards/solar_mw.md,True,reports/battery_av/battery/runtime_summary.csv,True,reports/battery_av/battery/runtime_comparator_summary.csv,True,reports/battery_av/battery/runtime_negative_controls.csv,True,reports/battery_av/battery/runtime_ablation_summary.csv,True,reports/publication/three_domain_ml_benchmark.csv;reports/publication/three_domain_forecast_calibration_runtime_evidence.csv;reports/publication/utility_preserving_safety_scorecard.csv;reports/publication/model_quality_gate.json;paper/assets/figures/fig_battery_deep_oqe_summary.png,True,pass,,COMPLETE,"Verified from active config, artifacts, metrics, calibration/backtest, runtime, and publication evidence."
Battery,Germany OPSD battery/energy witness,solar_mw,dl_tft,tft,candidate_model,configs/train_forecast.yaml,data/raw/time_series_60min_singleindex.csv;data/processed/features.parquet,True,data/processed/splits,True,"{""calibration"": 868, ""test"": 2537, ""train"": 12163, ""val"": 1737}",artifacts/models/tft_solar_mw.pt,True,reports/week2_metrics.json,True,artifacts/uncertainty/tft_solar_mw_conformal.json,True,artifacts/backtests/tft_solar_mw_test.npz,True,reports/model_cards/solar_mw.md,True,reports/battery_av/battery/runtime_summary.csv,True,reports/battery_av/battery/runtime_comparator_summary.csv,True,reports/battery_av/battery/runtime_negative_controls.csv,True,reports/battery_av/battery/runtime_ablation_summary.csv,True,reports/publication/three_domain_ml_benchmark.csv;reports/publication/three_domain_forecast_calibration_runtime_evidence.csv;reports/publication/utility_preserving_safety_scorecard.csv;reports/publication/model_quality_gate.json;paper/assets/figures/fig_battery_deep_oqe_summary.png,True,block,underfit risk: r2 -0.395 is below policy floor 0.000,PARTIAL,Model-quality gate marks this non-release candidate as blocked: underfit risk: r2 -0.395 is below policy floor 0.000
Battery,Germany OPSD battery/energy witness,solar_mw,dl_patchtst,patchtst,candidate_model,configs/train_forecast.yaml,data/raw/time_series_60min_singleindex.csv;data/processed/features.parquet,True,data/processed/splits,True,"{""calibration"": 868, ""test"": 2537, ""train"": 12163, ""val"": 1737}",artifacts/models/patchtst_solar_mw.pt,True,reports/week2_metrics.json,True,artifacts/uncertainty/patchtst_solar_mw_conformal.json,True,artifacts/backtests/patchtst_solar_mw_test.npz,True,reports/model_cards/solar_mw.md,True,reports/battery_av/battery/runtime_summary.csv,True,reports/battery_av/battery/runtime_comparator_summary.csv,True,reports/battery_av/battery/runtime_negative_controls.csv,True,reports/battery_av/battery/runtime_ablation_summary.csv,True,reports/publication/three_domain_ml_benchmark.csv;reports/publication/three_domain_forecast_calibration_runtime_evidence.csv;reports/publication/utility_preserving_safety_scorecard.csv;reports/publication/model_quality_gate.json;paper/assets/figures/fig_battery_deep_oqe_summary.png,True,pass,,COMPLETE,"Verified from active config, artifacts, metrics, calibration/backtest, runtime, and publication evidence."
Battery,Germany OPSD battery/energy witness,price_eur_mwh,baseline_gbm,gbm,release_model,configs/train_forecast.yaml,data/raw/time_series_60min_singleindex.csv;data/processed/features.parquet,True,data/processed/splits,True,"{""calibration"": 868, ""test"": 2537, ""train"": 12163, ""val"": 1737}",artifacts/models/gbm_lightgbm_price_eur_mwh.pkl,True,reports/week2_metrics.json,True,artifacts/uncertainty/gbm_price_eur_mwh_conformal.json,True,artifacts/backtests/gbm_price_eur_mwh_test.npz,True,reports/model_cards/price_eur_mwh.md,True,reports/battery_av/battery/runtime_summary.csv,True,reports/battery_av/battery/runtime_comparator_summary.csv,True,reports/battery_av/battery/runtime_negative_controls.csv,True,reports/battery_av/battery/runtime_ablation_summary.csv,True,reports/publication/three_domain_ml_benchmark.csv;reports/publication/three_domain_forecast_calibration_runtime_evidence.csv;reports/publication/utility_preserving_safety_scorecard.csv;reports/publication/model_quality_gate.json;paper/assets/figures/fig_battery_deep_oqe_summary.png,True,pass,,COMPLETE,"Verified from active config, artifacts, metrics, calibration/backtest, runtime, and publication evidence."
Battery,Germany OPSD battery/energy witness,price_eur_mwh,quantile_gbm,quantile_gbm,uncertainty_component,configs/train_forecast.yaml,data/raw/time_series_60min_singleindex.csv;data/processed/features.parquet,True,data/processed/splits,True,"{""calibration"": 868, ""test"": 2537, ""train"": 12163, ""val"": 1737}",,False,reports/week2_metrics.json,False,artifacts/uncertainty/price_eur_mwh_conformal.json,True,artifacts/backtests/price_eur_mwh_test.npz,True,reports/model_cards/price_eur_mwh.md,True,reports/battery_av/battery/runtime_summary.csv,True,reports/battery_av/battery/runtime_comparator_summary.csv,True,reports/battery_av/battery/runtime_negative_controls.csv,True,reports/battery_av/battery/runtime_ablation_summary.csv,True,reports/publication/three_domain_ml_benchmark.csv;reports/publication/three_domain_forecast_calibration_runtime_evidence.csv;reports/publication/utility_preserving_safety_scorecard.csv;reports/publication/model_quality_gate.json;paper/assets/figures/fig_battery_deep_oqe_summary.png,True,not_applicable,,PARTIAL,Configured quantile_gbm is treated as an uncertainty/calibration component; no independent checkpoint or model-quality metric key found.
Battery,Germany OPSD battery/energy witness,price_eur_mwh,dl_lstm,lstm,candidate_model,configs/train_forecast.yaml,data/raw/time_series_60min_singleindex.csv;data/processed/features.parquet,True,data/processed/splits,True,"{""calibration"": 868, ""test"": 2537, ""train"": 12163, ""val"": 1737}",artifacts/models/lstm_price_eur_mwh.pt,True,reports/week2_metrics.json,False,artifacts/uncertainty/price_eur_mwh_conformal.json,True,artifacts/backtests/price_eur_mwh_test.npz,True,reports/model_cards/price_eur_mwh.md,True,reports/battery_av/battery/runtime_summary.csv,True,reports/battery_av/battery/runtime_comparator_summary.csv,True,reports/battery_av/battery/runtime_negative_controls.csv,True,reports/battery_av/battery/runtime_ablation_summary.csv,True,reports/publication/three_domain_ml_benchmark.csv;reports/publication/three_domain_forecast_calibration_runtime_evidence.csv;reports/publication/utility_preserving_safety_scorecard.csv;reports/publication/model_quality_gate.json;paper/assets/figures/fig_battery_deep_oqe_summary.png,True,not_in_gate,,PARTIAL,Canonical metrics file does not contain this model key for the target.
Battery,Germany OPSD battery/energy witness,price_eur_mwh,dl_tcn,tcn,candidate_model,configs/train_forecast.yaml,data/raw/time_series_60min_singleindex.csv;data/processed/features.parquet,True,data/processed/splits,True,"{""calibration"": 868, ""test"": 2537, ""train"": 12163, ""val"": 1737}",artifacts/models/tcn_price_eur_mwh.pt,True,reports/week2_metrics.json,False,artifacts/uncertainty/price_eur_mwh_conformal.json,True,artifacts/backtests/price_eur_mwh_test.npz,True,reports/model_cards/price_eur_mwh.md,True,reports/battery_av/battery/runtime_summary.csv,True,reports/battery_av/battery/runtime_comparator_summary.csv,True,reports/battery_av/battery/runtime_negative_controls.csv,True,reports/battery_av/battery/runtime_ablation_summary.csv,True,reports/publication/three_domain_ml_benchmark.csv;reports/publication/three_domain_forecast_calibration_runtime_evidence.csv;reports/publication/utility_preserving_safety_scorecard.csv;reports/publication/model_quality_gate.json;paper/assets/figures/fig_battery_deep_oqe_summary.png,True,not_in_gate,,PARTIAL,Canonical metrics file does not contain this model key for the target.
Battery,Germany OPSD battery/energy witness,price_eur_mwh,dl_nbeats,nbeats,candidate_model,configs/train_forecast.yaml,data/raw/time_series_60min_singleindex.csv;data/processed/features.parquet,True,data/processed/splits,True,"{""calibration"": 868, ""test"": 2537, ""train"": 12163, ""val"": 1737}",artifacts/models/nbeats_price_eur_mwh.pt,True,reports/week2_metrics.json,False,artifacts/uncertainty/price_eur_mwh_conformal.json,True,artifacts/backtests/price_eur_mwh_test.npz,True,reports/model_cards/price_eur_mwh.md,True,reports/battery_av/battery/runtime_summary.csv,True,reports/battery_av/battery/runtime_comparator_summary.csv,True,reports/battery_av/battery/runtime_negative_controls.csv,True,reports/battery_av/battery/runtime_ablation_summary.csv,True,reports/publication/three_domain_ml_benchmark.csv;reports/publication/three_domain_forecast_calibration_runtime_evidence.csv;reports/publication/utility_preserving_safety_scorecard.csv;reports/publication/model_quality_gate.json;paper/assets/figures/fig_battery_deep_oqe_summary.png,True,not_in_gate,,PARTIAL,Canonical metrics file does not contain this model key for the target.
Battery,Germany OPSD battery/energy witness,price_eur_mwh,dl_tft,tft,candidate_model,configs/train_forecast.yaml,data/raw/time_series_60min_singleindex.csv;data/processed/features.parquet,True,data/processed/splits,True,"{""calibration"": 868, ""test"": 2537, ""train"": 12163, ""val"": 1737}",artifacts/models/tft_price_eur_mwh.pt,True,reports/week2_metrics.json,False,artifacts/uncertainty/price_eur_mwh_conformal.json,True,artifacts/backtests/price_eur_mwh_test.npz,True,reports/model_cards/price_eur_mwh.md,True,reports/battery_av/battery/runtime_summary.csv,True,reports/battery_av/battery/runtime_comparator_summary.csv,True,reports/battery_av/battery/runtime_negative_controls.csv,True,reports/battery_av/battery/runtime_ablation_summary.csv,True,reports/publication/three_domain_ml_benchmark.csv;reports/publication/three_domain_forecast_calibration_runtime_evidence.csv;reports/publication/utility_preserving_safety_scorecard.csv;reports/publication/model_quality_gate.json;paper/assets/figures/fig_battery_deep_oqe_summary.png,True,not_in_gate,,PARTIAL,Canonical metrics file does not contain this model key for the target.
Battery,Germany OPSD battery/energy witness,price_eur_mwh,dl_patchtst,patchtst,candidate_model,configs/train_forecast.yaml,data/raw/time_series_60min_singleindex.csv;data/processed/features.parquet,True,data/processed/splits,True,"{""calibration"": 868, ""test"": 2537, ""train"": 12163, ""val"": 1737}",artifacts/models/patchtst_price_eur_mwh.pt,True,reports/week2_metrics.json,False,artifacts/uncertainty/price_eur_mwh_conformal.json,True,artifacts/backtests/price_eur_mwh_test.npz,True,reports/model_cards/price_eur_mwh.md,True,reports/battery_av/battery/runtime_summary.csv,True,reports/battery_av/battery/runtime_comparator_summary.csv,True,reports/battery_av/battery/runtime_negative_controls.csv,True,reports/battery_av/battery/runtime_ablation_summary.csv,True,reports/publication/three_domain_ml_benchmark.csv;reports/publication/three_domain_forecast_calibration_runtime_evidence.csv;reports/publication/utility_preserving_safety_scorecard.csv;reports/publication/model_quality_gate.json;paper/assets/figures/fig_battery_deep_oqe_summary.png,True,not_in_gate,,PARTIAL,Canonical metrics file does not contain this model key for the target.
AV,nuPlan all-zip grouped AV replay,target_ego_speed_mps__1s,baseline_gbm,gbm,release_model,configs/train_forecast_av.yaml,data/orius_av/av/processed_nuplan_allzip_grouped/anchor_features.parquet;data/orius_av/av/processed_nuplan_allzip_grouped/replay_windows.parquet;data/orius_av/av/processed_nuplan_allzip_grouped/nuplan_source_manifest.json,True,data/orius_av/av/processed_nuplan_allzip_grouped/splits,True,"{""calibration"": 39079, ""test"": 37344, ""train"": 265904, ""val"": 37115}",artifacts/models_orius_av_nuplan_allzip_grouped/gbm_lightgbm_target_ego_speed_mps__1s.pkl,True,reports/orius_av/nuplan_allzip_grouped/week2_metrics.json,True,artifacts/uncertainty/orius_av_nuplan_allzip_grouped/gbm_target_ego_speed_mps__1s_conformal.json,True,reports/orius_av/nuplan_allzip_grouped/gbm_target_ego_speed_mps__1s_test.npz,True,reports/orius_av/nuplan_allzip_grouped/model_cards/target_ego_speed_mps__1s.md,True,reports/orius_av/nuplan_allzip_grouped_runtime_dropout_aligned_m15_fulltest/runtime_summary.csv,True,reports/orius_av/nuplan_allzip_grouped_runtime_dropout_aligned_m15_fulltest/runtime_comparator_summary.csv,True,reports/orius_av/nuplan_allzip_grouped_runtime_dropout_aligned_m15_fulltest/runtime_negative_controls.csv,True,reports/orius_av/nuplan_allzip_grouped_runtime_dropout_aligned_m15_fulltest/runtime_ablation_summary.csv,True,reports/publication/three_domain_ml_benchmark.csv;reports/publication/three_domain_forecast_calibration_runtime_evidence.csv;reports/publication/utility_preserving_safety_scorecard.csv;reports/publication/model_quality_gate.json,True,pass,,COMPLETE,"Verified from active config, artifacts, metrics, calibration/backtest, runtime, and publication evidence."
AV,nuPlan all-zip grouped AV replay,target_ego_speed_mps__1s,quantile_gbm,quantile_gbm,uncertainty_component,configs/train_forecast_av.yaml,data/orius_av/av/processed_nuplan_allzip_grouped/anchor_features.parquet;data/orius_av/av/processed_nuplan_allzip_grouped/replay_windows.parquet;data/orius_av/av/processed_nuplan_allzip_grouped/nuplan_source_manifest.json,True,data/orius_av/av/processed_nuplan_allzip_grouped/splits,True,"{""calibration"": 39079, ""test"": 37344, ""train"": 265904, ""val"": 37115}",,False,reports/orius_av/nuplan_allzip_grouped/week2_metrics.json,False,artifacts/uncertainty/orius_av_nuplan_allzip_grouped/target_ego_speed_mps__1s_conformal.json,True,reports/orius_av/nuplan_allzip_grouped/target_ego_speed_mps__1s_test.npz,True,reports/orius_av/nuplan_allzip_grouped/model_cards/target_ego_speed_mps__1s.md,True,reports/orius_av/nuplan_allzip_grouped_runtime_dropout_aligned_m15_fulltest/runtime_summary.csv,True,reports/orius_av/nuplan_allzip_grouped_runtime_dropout_aligned_m15_fulltest/runtime_comparator_summary.csv,True,reports/orius_av/nuplan_allzip_grouped_runtime_dropout_aligned_m15_fulltest/runtime_negative_controls.csv,True,reports/orius_av/nuplan_allzip_grouped_runtime_dropout_aligned_m15_fulltest/runtime_ablation_summary.csv,True,reports/publication/three_domain_ml_benchmark.csv;reports/publication/three_domain_forecast_calibration_runtime_evidence.csv;reports/publication/utility_preserving_safety_scorecard.csv;reports/publication/model_quality_gate.json,True,not_applicable,,PARTIAL,Configured quantile_gbm is treated as an uncertainty/calibration component; no independent checkpoint or model-quality metric key found.
AV,nuPlan all-zip grouped AV replay,target_ego_speed_mps__1s,dl_lstm,lstm,candidate_model,configs/train_forecast_av.yaml,data/orius_av/av/processed_nuplan_allzip_grouped/anchor_features.parquet;data/orius_av/av/processed_nuplan_allzip_grouped/replay_windows.parquet;data/orius_av/av/processed_nuplan_allzip_grouped/nuplan_source_manifest.json,True,data/orius_av/av/processed_nuplan_allzip_grouped/splits,True,"{""calibration"": 39079, ""test"": 37344, ""train"": 265904, ""val"": 37115}",artifacts/models_orius_av_nuplan_allzip_grouped/lstm_target_ego_speed_mps__1s.pt,True,reports/orius_av/nuplan_allzip_grouped/week2_metrics.json,True,artifacts/uncertainty/orius_av_nuplan_allzip_grouped/lstm_target_ego_speed_mps__1s_conformal.json,True,reports/orius_av/nuplan_allzip_grouped/lstm_target_ego_speed_mps__1s_test.npz,True,reports/orius_av/nuplan_allzip_grouped/model_cards/target_ego_speed_mps__1s.md,True,reports/orius_av/nuplan_allzip_grouped_runtime_dropout_aligned_m15_fulltest/runtime_summary.csv,True,reports/orius_av/nuplan_allzip_grouped_runtime_dropout_aligned_m15_fulltest/runtime_comparator_summary.csv,True,reports/orius_av/nuplan_allzip_grouped_runtime_dropout_aligned_m15_fulltest/runtime_negative_controls.csv,True,reports/orius_av/nuplan_allzip_grouped_runtime_dropout_aligned_m15_fulltest/runtime_ablation_summary.csv,True,reports/publication/three_domain_ml_benchmark.csv;reports/publication/three_domain_forecast_calibration_runtime_evidence.csv;reports/publication/utility_preserving_safety_scorecard.csv;reports/publication/model_quality_gate.json,True,pass,,COMPLETE,"Verified from active config, artifacts, metrics, calibration/backtest, runtime, and publication evidence."
AV,nuPlan all-zip grouped AV replay,target_ego_speed_mps__1s,dl_tcn,tcn,candidate_model,configs/train_forecast_av.yaml,data/orius_av/av/processed_nuplan_allzip_grouped/anchor_features.parquet;data/orius_av/av/processed_nuplan_allzip_grouped/replay_windows.parquet;data/orius_av/av/processed_nuplan_allzip_grouped/nuplan_source_manifest.json,True,data/orius_av/av/processed_nuplan_allzip_grouped/splits,True,"{""calibration"": 39079, ""test"": 37344, ""train"": 265904, ""val"": 37115}",artifacts/models_orius_av_nuplan_allzip_grouped/tcn_target_ego_speed_mps__1s.pt,True,reports/orius_av/nuplan_allzip_grouped/week2_metrics.json,True,artifacts/uncertainty/orius_av_nuplan_allzip_grouped/tcn_target_ego_speed_mps__1s_conformal.json,True,reports/orius_av/nuplan_allzip_grouped/tcn_target_ego_speed_mps__1s_test.npz,True,reports/orius_av/nuplan_allzip_grouped/model_cards/target_ego_speed_mps__1s.md,True,reports/orius_av/nuplan_allzip_grouped_runtime_dropout_aligned_m15_fulltest/runtime_summary.csv,True,reports/orius_av/nuplan_allzip_grouped_runtime_dropout_aligned_m15_fulltest/runtime_comparator_summary.csv,True,reports/orius_av/nuplan_allzip_grouped_runtime_dropout_aligned_m15_fulltest/runtime_negative_controls.csv,True,reports/orius_av/nuplan_allzip_grouped_runtime_dropout_aligned_m15_fulltest/runtime_ablation_summary.csv,True,reports/publication/three_domain_ml_benchmark.csv;reports/publication/three_domain_forecast_calibration_runtime_evidence.csv;reports/publication/utility_preserving_safety_scorecard.csv;reports/publication/model_quality_gate.json,True,pass,,COMPLETE,"Verified from active config, artifacts, metrics, calibration/backtest, runtime, and publication evidence."
AV,nuPlan all-zip grouped AV replay,target_ego_speed_mps__1s,dl_nbeats,nbeats,candidate_model,configs/train_forecast_av.yaml,data/orius_av/av/processed_nuplan_allzip_grouped/anchor_features.parquet;data/orius_av/av/processed_nuplan_allzip_grouped/replay_windows.parquet;data/orius_av/av/processed_nuplan_allzip_grouped/nuplan_source_manifest.json,True,data/orius_av/av/processed_nuplan_allzip_grouped/splits,True,"{""calibration"": 39079, ""test"": 37344, ""train"": 265904, ""val"": 37115}",artifacts/models_orius_av_nuplan_allzip_grouped/nbeats_target_ego_speed_mps__1s.pt,True,reports/orius_av/nuplan_allzip_grouped/week2_metrics.json,True,artifacts/uncertainty/orius_av_nuplan_allzip_grouped/nbeats_target_ego_speed_mps__1s_conformal.json,True,reports/orius_av/nuplan_allzip_grouped/nbeats_target_ego_speed_mps__1s_test.npz,True,reports/orius_av/nuplan_allzip_grouped/model_cards/target_ego_speed_mps__1s.md,True,reports/orius_av/nuplan_allzip_grouped_runtime_dropout_aligned_m15_fulltest/runtime_summary.csv,True,reports/orius_av/nuplan_allzip_grouped_runtime_dropout_aligned_m15_fulltest/runtime_comparator_summary.csv,True,reports/orius_av/nuplan_allzip_grouped_runtime_dropout_aligned_m15_fulltest/runtime_negative_controls.csv,True,reports/orius_av/nuplan_allzip_grouped_runtime_dropout_aligned_m15_fulltest/runtime_ablation_summary.csv,True,reports/publication/three_domain_ml_benchmark.csv;reports/publication/three_domain_forecast_calibration_runtime_evidence.csv;reports/publication/utility_preserving_safety_scorecard.csv;reports/publication/model_quality_gate.json,True,pass,,COMPLETE,"Verified from active config, artifacts, metrics, calibration/backtest, runtime, and publication evidence."
AV,nuPlan all-zip grouped AV replay,target_ego_speed_mps__1s,dl_tft,tft,candidate_model,configs/train_forecast_av.yaml,data/orius_av/av/processed_nuplan_allzip_grouped/anchor_features.parquet;data/orius_av/av/processed_nuplan_allzip_grouped/replay_windows.parquet;data/orius_av/av/processed_nuplan_allzip_grouped/nuplan_source_manifest.json,True,data/orius_av/av/processed_nuplan_allzip_grouped/splits,True,"{""calibration"": 39079, ""test"": 37344, ""train"": 265904, ""val"": 37115}",artifacts/models_orius_av_nuplan_allzip_grouped/tft_target_ego_speed_mps__1s.pt,True,reports/orius_av/nuplan_allzip_grouped/week2_metrics.json,True,artifacts/uncertainty/orius_av_nuplan_allzip_grouped/tft_target_ego_speed_mps__1s_conformal.json,True,reports/orius_av/nuplan_allzip_grouped/tft_target_ego_speed_mps__1s_test.npz,True,reports/orius_av/nuplan_allzip_grouped/model_cards/target_ego_speed_mps__1s.md,True,reports/orius_av/nuplan_allzip_grouped_runtime_dropout_aligned_m15_fulltest/runtime_summary.csv,True,reports/orius_av/nuplan_allzip_grouped_runtime_dropout_aligned_m15_fulltest/runtime_comparator_summary.csv,True,reports/orius_av/nuplan_allzip_grouped_runtime_dropout_aligned_m15_fulltest/runtime_negative_controls.csv,True,reports/orius_av/nuplan_allzip_grouped_runtime_dropout_aligned_m15_fulltest/runtime_ablation_summary.csv,True,reports/publication/three_domain_ml_benchmark.csv;reports/publication/three_domain_forecast_calibration_runtime_evidence.csv;reports/publication/utility_preserving_safety_scorecard.csv;reports/publication/model_quality_gate.json,True,block,underfit risk: r2 -0.018 is below policy floor 0.000,PARTIAL,Model-quality gate marks this non-release candidate as blocked: underfit risk: r2 -0.018 is below policy floor 0.000
AV,nuPlan all-zip grouped AV replay,target_ego_speed_mps__1s,dl_patchtst,patchtst,candidate_model,configs/train_forecast_av.yaml,data/orius_av/av/processed_nuplan_allzip_grouped/anchor_features.parquet;data/orius_av/av/processed_nuplan_allzip_grouped/replay_windows.parquet;data/orius_av/av/processed_nuplan_allzip_grouped/nuplan_source_manifest.json,True,data/orius_av/av/processed_nuplan_allzip_grouped/splits,True,"{""calibration"": 39079, ""test"": 37344, ""train"": 265904, ""val"": 37115}",artifacts/models_orius_av_nuplan_allzip_grouped/patchtst_target_ego_speed_mps__1s.pt,True,reports/orius_av/nuplan_allzip_grouped/week2_metrics.json,True,artifacts/uncertainty/orius_av_nuplan_allzip_grouped/patchtst_target_ego_speed_mps__1s_conformal.json,True,reports/orius_av/nuplan_allzip_grouped/patchtst_target_ego_speed_mps__1s_test.npz,True,reports/orius_av/nuplan_allzip_grouped/model_cards/target_ego_speed_mps__1s.md,True,reports/orius_av/nuplan_allzip_grouped_runtime_dropout_aligned_m15_fulltest/runtime_summary.csv,True,reports/orius_av/nuplan_allzip_grouped_runtime_dropout_aligned_m15_fulltest/runtime_comparator_summary.csv,True,reports/orius_av/nuplan_allzip_grouped_runtime_dropout_aligned_m15_fulltest/runtime_negative_controls.csv,True,reports/orius_av/nuplan_allzip_grouped_runtime_dropout_aligned_m15_fulltest/runtime_ablation_summary.csv,True,reports/publication/three_domain_ml_benchmark.csv;reports/publication/three_domain_forecast_calibration_runtime_evidence.csv;reports/publication/utility_preserving_safety_scorecard.csv;reports/publication/model_quality_gate.json,True,pass,,COMPLETE,"Verified from active config, artifacts, metrics, calibration/backtest, runtime, and publication evidence."
AV,nuPlan all-zip grouped AV replay,target_relative_gap_m__1s,baseline_gbm,gbm,release_model,configs/train_forecast_av.yaml,data/orius_av/av/processed_nuplan_allzip_grouped/anchor_features.parquet;data/orius_av/av/processed_nuplan_allzip_grouped/replay_windows.parquet;data/orius_av/av/processed_nuplan_allzip_grouped/nuplan_source_manifest.json,True,data/orius_av/av/processed_nuplan_allzip_grouped/splits,True,"{""calibration"": 39079, ""test"": 37344, ""train"": 265904, ""val"": 37115}",artifacts/models_orius_av_nuplan_allzip_grouped/gbm_lightgbm_target_relative_gap_m__1s.pkl,True,reports/orius_av/nuplan_allzip_grouped/week2_metrics.json,True,artifacts/uncertainty/orius_av_nuplan_allzip_grouped/gbm_target_relative_gap_m__1s_conformal.json,True,reports/orius_av/nuplan_allzip_grouped/gbm_target_relative_gap_m__1s_test.npz,True,reports/orius_av/nuplan_allzip_grouped/model_cards/target_relative_gap_m__1s.md,True,reports/orius_av/nuplan_allzip_grouped_runtime_dropout_aligned_m15_fulltest/runtime_summary.csv,True,reports/orius_av/nuplan_allzip_grouped_runtime_dropout_aligned_m15_fulltest/runtime_comparator_summary.csv,True,reports/orius_av/nuplan_allzip_grouped_runtime_dropout_aligned_m15_fulltest/runtime_negative_controls.csv,True,reports/orius_av/nuplan_allzip_grouped_runtime_dropout_aligned_m15_fulltest/runtime_ablation_summary.csv,True,reports/publication/three_domain_ml_benchmark.csv;reports/publication/three_domain_forecast_calibration_runtime_evidence.csv;reports/publication/utility_preserving_safety_scorecard.csv;reports/publication/model_quality_gate.json,True,pass,,COMPLETE,"Verified from active config, artifacts, metrics, calibration/backtest, runtime, and publication evidence."
AV,nuPlan all-zip grouped AV replay,target_relative_gap_m__1s,quantile_gbm,quantile_gbm,uncertainty_component,configs/train_forecast_av.yaml,data/orius_av/av/processed_nuplan_allzip_grouped/anchor_features.parquet;data/orius_av/av/processed_nuplan_allzip_grouped/replay_windows.parquet;data/orius_av/av/processed_nuplan_allzip_grouped/nuplan_source_manifest.json,True,data/orius_av/av/processed_nuplan_allzip_grouped/splits,True,"{""calibration"": 39079, ""test"": 37344, ""train"": 265904, ""val"": 37115}",,False,reports/orius_av/nuplan_allzip_grouped/week2_metrics.json,False,artifacts/uncertainty/orius_av_nuplan_allzip_grouped/target_relative_gap_m__1s_conformal.json,True,reports/orius_av/nuplan_allzip_grouped/target_relative_gap_m__1s_test.npz,True,reports/orius_av/nuplan_allzip_grouped/model_cards/target_relative_gap_m__1s.md,True,reports/orius_av/nuplan_allzip_grouped_runtime_dropout_aligned_m15_fulltest/runtime_summary.csv,True,reports/orius_av/nuplan_allzip_grouped_runtime_dropout_aligned_m15_fulltest/runtime_comparator_summary.csv,True,reports/orius_av/nuplan_allzip_grouped_runtime_dropout_aligned_m15_fulltest/runtime_negative_controls.csv,True,reports/orius_av/nuplan_allzip_grouped_runtime_dropout_aligned_m15_fulltest/runtime_ablation_summary.csv,True,reports/publication/three_domain_ml_benchmark.csv;reports/publication/three_domain_forecast_calibration_runtime_evidence.csv;reports/publication/utility_preserving_safety_scorecard.csv;reports/publication/model_quality_gate.json,True,not_applicable,,PARTIAL,Configured quantile_gbm is treated as an uncertainty/calibration component; no independent checkpoint or model-quality metric key found.
AV,nuPlan all-zip grouped AV replay,target_relative_gap_m__1s,dl_lstm,lstm,candidate_model,configs/train_forecast_av.yaml,data/orius_av/av/processed_nuplan_allzip_grouped/anchor_features.parquet;data/orius_av/av/processed_nuplan_allzip_grouped/replay_windows.parquet;data/orius_av/av/processed_nuplan_allzip_grouped/nuplan_source_manifest.json,True,data/orius_av/av/processed_nuplan_allzip_grouped/splits,True,"{""calibration"": 39079, ""test"": 37344, ""train"": 265904, ""val"": 37115}",artifacts/models_orius_av_nuplan_allzip_grouped/lstm_target_relative_gap_m__1s.pt,True,reports/orius_av/nuplan_allzip_grouped/week2_metrics.json,True,artifacts/uncertainty/orius_av_nuplan_allzip_grouped/lstm_target_relative_gap_m__1s_conformal.json,True,reports/orius_av/nuplan_allzip_grouped/lstm_target_relative_gap_m__1s_test.npz,True,reports/orius_av/nuplan_allzip_grouped/model_cards/target_relative_gap_m__1s.md,True,reports/orius_av/nuplan_allzip_grouped_runtime_dropout_aligned_m15_fulltest/runtime_summary.csv,True,reports/orius_av/nuplan_allzip_grouped_runtime_dropout_aligned_m15_fulltest/runtime_comparator_summary.csv,True,reports/orius_av/nuplan_allzip_grouped_runtime_dropout_aligned_m15_fulltest/runtime_negative_controls.csv,True,reports/orius_av/nuplan_allzip_grouped_runtime_dropout_aligned_m15_fulltest/runtime_ablation_summary.csv,True,reports/publication/three_domain_ml_benchmark.csv;reports/publication/three_domain_forecast_calibration_runtime_evidence.csv;reports/publication/utility_preserving_safety_scorecard.csv;reports/publication/model_quality_gate.json,True,pass,,COMPLETE,"Verified from active config, artifacts, metrics, calibration/backtest, runtime, and publication evidence."
AV,nuPlan all-zip grouped AV replay,target_relative_gap_m__1s,dl_tcn,tcn,candidate_model,configs/train_forecast_av.yaml,data/orius_av/av/processed_nuplan_allzip_grouped/anchor_features.parquet;data/orius_av/av/processed_nuplan_allzip_grouped/replay_windows.parquet;data/orius_av/av/processed_nuplan_allzip_grouped/nuplan_source_manifest.json,True,data/orius_av/av/processed_nuplan_allzip_grouped/splits,True,"{""calibration"": 39079, ""test"": 37344, ""train"": 265904, ""val"": 37115}",artifacts/models_orius_av_nuplan_allzip_grouped/tcn_target_relative_gap_m__1s.pt,True,reports/orius_av/nuplan_allzip_grouped/week2_metrics.json,True,artifacts/uncertainty/orius_av_nuplan_allzip_grouped/tcn_target_relative_gap_m__1s_conformal.json,True,reports/orius_av/nuplan_allzip_grouped/tcn_target_relative_gap_m__1s_test.npz,True,reports/orius_av/nuplan_allzip_grouped/model_cards/target_relative_gap_m__1s.md,True,reports/orius_av/nuplan_allzip_grouped_runtime_dropout_aligned_m15_fulltest/runtime_summary.csv,True,reports/orius_av/nuplan_allzip_grouped_runtime_dropout_aligned_m15_fulltest/runtime_comparator_summary.csv,True,reports/orius_av/nuplan_allzip_grouped_runtime_dropout_aligned_m15_fulltest/runtime_negative_controls.csv,True,reports/orius_av/nuplan_allzip_grouped_runtime_dropout_aligned_m15_fulltest/runtime_ablation_summary.csv,True,reports/publication/three_domain_ml_benchmark.csv;reports/publication/three_domain_forecast_calibration_runtime_evidence.csv;reports/publication/utility_preserving_safety_scorecard.csv;reports/publication/model_quality_gate.json,True,pass,,COMPLETE,"Verified from active config, artifacts, metrics, calibration/backtest, runtime, and publication evidence."
AV,nuPlan all-zip grouped AV replay,target_relative_gap_m__1s,dl_nbeats,nbeats,candidate_model,configs/train_forecast_av.yaml,data/orius_av/av/processed_nuplan_allzip_grouped/anchor_features.parquet;data/orius_av/av/processed_nuplan_allzip_grouped/replay_windows.parquet;data/orius_av/av/processed_nuplan_allzip_grouped/nuplan_source_manifest.json,True,data/orius_av/av/processed_nuplan_allzip_grouped/splits,True,"{""calibration"": 39079, ""test"": 37344, ""train"": 265904, ""val"": 37115}",artifacts/models_orius_av_nuplan_allzip_grouped/nbeats_target_relative_gap_m__1s.pt,True,reports/orius_av/nuplan_allzip_grouped/week2_metrics.json,True,artifacts/uncertainty/orius_av_nuplan_allzip_grouped/nbeats_target_relative_gap_m__1s_conformal.json,True,reports/orius_av/nuplan_allzip_grouped/nbeats_target_relative_gap_m__1s_test.npz,True,reports/orius_av/nuplan_allzip_grouped/model_cards/target_relative_gap_m__1s.md,True,reports/orius_av/nuplan_allzip_grouped_runtime_dropout_aligned_m15_fulltest/runtime_summary.csv,True,reports/orius_av/nuplan_allzip_grouped_runtime_dropout_aligned_m15_fulltest/runtime_comparator_summary.csv,True,reports/orius_av/nuplan_allzip_grouped_runtime_dropout_aligned_m15_fulltest/runtime_negative_controls.csv,True,reports/orius_av/nuplan_allzip_grouped_runtime_dropout_aligned_m15_fulltest/runtime_ablation_summary.csv,True,reports/publication/three_domain_ml_benchmark.csv;reports/publication/three_domain_forecast_calibration_runtime_evidence.csv;reports/publication/utility_preserving_safety_scorecard.csv;reports/publication/model_quality_gate.json,True,pass,,COMPLETE,"Verified from active config, artifacts, metrics, calibration/backtest, runtime, and publication evidence."
AV,nuPlan all-zip grouped AV replay,target_relative_gap_m__1s,dl_tft,tft,candidate_model,configs/train_forecast_av.yaml,data/orius_av/av/processed_nuplan_allzip_grouped/anchor_features.parquet;data/orius_av/av/processed_nuplan_allzip_grouped/replay_windows.parquet;data/orius_av/av/processed_nuplan_allzip_grouped/nuplan_source_manifest.json,True,data/orius_av/av/processed_nuplan_allzip_grouped/splits,True,"{""calibration"": 39079, ""test"": 37344, ""train"": 265904, ""val"": 37115}",artifacts/models_orius_av_nuplan_allzip_grouped/tft_target_relative_gap_m__1s.pt,True,reports/orius_av/nuplan_allzip_grouped/week2_metrics.json,True,artifacts/uncertainty/orius_av_nuplan_allzip_grouped/tft_target_relative_gap_m__1s_conformal.json,True,reports/orius_av/nuplan_allzip_grouped/tft_target_relative_gap_m__1s_test.npz,True,reports/orius_av/nuplan_allzip_grouped/model_cards/target_relative_gap_m__1s.md,True,reports/orius_av/nuplan_allzip_grouped_runtime_dropout_aligned_m15_fulltest/runtime_summary.csv,True,reports/orius_av/nuplan_allzip_grouped_runtime_dropout_aligned_m15_fulltest/runtime_comparator_summary.csv,True,reports/orius_av/nuplan_allzip_grouped_runtime_dropout_aligned_m15_fulltest/runtime_negative_controls.csv,True,reports/orius_av/nuplan_allzip_grouped_runtime_dropout_aligned_m15_fulltest/runtime_ablation_summary.csv,True,reports/publication/three_domain_ml_benchmark.csv;reports/publication/three_domain_forecast_calibration_runtime_evidence.csv;reports/publication/utility_preserving_safety_scorecard.csv;reports/publication/model_quality_gate.json,True,block,underfit risk: r2 -0.219 is below policy floor 0.000,PARTIAL,Model-quality gate marks this non-release candidate as blocked: underfit risk: r2 -0.219 is below policy floor 0.000
AV,nuPlan all-zip grouped AV replay,target_relative_gap_m__1s,dl_patchtst,patchtst,candidate_model,configs/train_forecast_av.yaml,data/orius_av/av/processed_nuplan_allzip_grouped/anchor_features.parquet;data/orius_av/av/processed_nuplan_allzip_grouped/replay_windows.parquet;data/orius_av/av/processed_nuplan_allzip_grouped/nuplan_source_manifest.json,True,data/orius_av/av/processed_nuplan_allzip_grouped/splits,True,"{""calibration"": 39079, ""test"": 37344, ""train"": 265904, ""val"": 37115}",artifacts/models_orius_av_nuplan_allzip_grouped/patchtst_target_relative_gap_m__1s.pt,True,reports/orius_av/nuplan_allzip_grouped/week2_metrics.json,True,artifacts/uncertainty/orius_av_nuplan_allzip_grouped/patchtst_target_relative_gap_m__1s_conformal.json,True,reports/orius_av/nuplan_allzip_grouped/patchtst_target_relative_gap_m__1s_test.npz,True,reports/orius_av/nuplan_allzip_grouped/model_cards/target_relative_gap_m__1s.md,True,reports/orius_av/nuplan_allzip_grouped_runtime_dropout_aligned_m15_fulltest/runtime_summary.csv,True,reports/orius_av/nuplan_allzip_grouped_runtime_dropout_aligned_m15_fulltest/runtime_comparator_summary.csv,True,reports/orius_av/nuplan_allzip_grouped_runtime_dropout_aligned_m15_fulltest/runtime_negative_controls.csv,True,reports/orius_av/nuplan_allzip_grouped_runtime_dropout_aligned_m15_fulltest/runtime_ablation_summary.csv,True,reports/publication/three_domain_ml_benchmark.csv;reports/publication/three_domain_forecast_calibration_runtime_evidence.csv;reports/publication/utility_preserving_safety_scorecard.csv;reports/publication/model_quality_gate.json,True,pass,,COMPLETE,"Verified from active config, artifacts, metrics, calibration/backtest, runtime, and publication evidence."
AV,nuPlan all-zip grouped AV replay,target_ego_speed_mps__2s,baseline_gbm,gbm,release_model,configs/train_forecast_av.yaml,data/orius_av/av/processed_nuplan_allzip_grouped/anchor_features.parquet;data/orius_av/av/processed_nuplan_allzip_grouped/replay_windows.parquet;data/orius_av/av/processed_nuplan_allzip_grouped/nuplan_source_manifest.json,True,data/orius_av/av/processed_nuplan_allzip_grouped/splits,True,"{""calibration"": 39079, ""test"": 37344, ""train"": 265904, ""val"": 37115}",artifacts/models_orius_av_nuplan_allzip_grouped/gbm_lightgbm_target_ego_speed_mps__2s.pkl,True,reports/orius_av/nuplan_allzip_grouped/week2_metrics.json,True,artifacts/uncertainty/orius_av_nuplan_allzip_grouped/gbm_target_ego_speed_mps__2s_conformal.json,True,reports/orius_av/nuplan_allzip_grouped/gbm_target_ego_speed_mps__2s_test.npz,True,reports/orius_av/nuplan_allzip_grouped/model_cards/target_ego_speed_mps__2s.md,True,reports/orius_av/nuplan_allzip_grouped_runtime_dropout_aligned_m15_fulltest/runtime_summary.csv,True,reports/orius_av/nuplan_allzip_grouped_runtime_dropout_aligned_m15_fulltest/runtime_comparator_summary.csv,True,reports/orius_av/nuplan_allzip_grouped_runtime_dropout_aligned_m15_fulltest/runtime_negative_controls.csv,True,reports/orius_av/nuplan_allzip_grouped_runtime_dropout_aligned_m15_fulltest/runtime_ablation_summary.csv,True,reports/publication/three_domain_ml_benchmark.csv;reports/publication/three_domain_forecast_calibration_runtime_evidence.csv;reports/publication/utility_preserving_safety_scorecard.csv;reports/publication/model_quality_gate.json,True,pass,,COMPLETE,"Verified from active config, artifacts, metrics, calibration/backtest, runtime, and publication evidence."
AV,nuPlan all-zip grouped AV replay,target_ego_speed_mps__2s,quantile_gbm,quantile_gbm,uncertainty_component,configs/train_forecast_av.yaml,data/orius_av/av/processed_nuplan_allzip_grouped/anchor_features.parquet;data/orius_av/av/processed_nuplan_allzip_grouped/replay_windows.parquet;data/orius_av/av/processed_nuplan_allzip_grouped/nuplan_source_manifest.json,True,data/orius_av/av/processed_nuplan_allzip_grouped/splits,True,"{""calibration"": 39079, ""test"": 37344, ""train"": 265904, ""val"": 37115}",,False,reports/orius_av/nuplan_allzip_grouped/week2_metrics.json,False,artifacts/uncertainty/orius_av_nuplan_allzip_grouped/target_ego_speed_mps__2s_conformal.json,True,reports/orius_av/nuplan_allzip_grouped/target_ego_speed_mps__2s_test.npz,True,reports/orius_av/nuplan_allzip_grouped/model_cards/target_ego_speed_mps__2s.md,True,reports/orius_av/nuplan_allzip_grouped_runtime_dropout_aligned_m15_fulltest/runtime_summary.csv,True,reports/orius_av/nuplan_allzip_grouped_runtime_dropout_aligned_m15_fulltest/runtime_comparator_summary.csv,True,reports/orius_av/nuplan_allzip_grouped_runtime_dropout_aligned_m15_fulltest/runtime_negative_controls.csv,True,reports/orius_av/nuplan_allzip_grouped_runtime_dropout_aligned_m15_fulltest/runtime_ablation_summary.csv,True,reports/publication/three_domain_ml_benchmark.csv;reports/publication/three_domain_forecast_calibration_runtime_evidence.csv;reports/publication/utility_preserving_safety_scorecard.csv;reports/publication/model_quality_gate.json,True,not_applicable,,PARTIAL,Configured quantile_gbm is treated as an uncertainty/calibration component; no independent checkpoint or model-quality metric key found.
AV,nuPlan all-zip grouped AV replay,target_ego_speed_mps__2s,dl_lstm,lstm,candidate_model,configs/train_forecast_av.yaml,data/orius_av/av/processed_nuplan_allzip_grouped/anchor_features.parquet;data/orius_av/av/processed_nuplan_allzip_grouped/replay_windows.parquet;data/orius_av/av/processed_nuplan_allzip_grouped/nuplan_source_manifest.json,True,data/orius_av/av/processed_nuplan_allzip_grouped/splits,True,"{""calibration"": 39079, ""test"": 37344, ""train"": 265904, ""val"": 37115}",artifacts/models_orius_av_nuplan_allzip_grouped/lstm_target_ego_speed_mps__2s.pt,True,reports/orius_av/nuplan_allzip_grouped/week2_metrics.json,True,artifacts/uncertainty/orius_av_nuplan_allzip_grouped/lstm_target_ego_speed_mps__2s_conformal.json,True,reports/orius_av/nuplan_allzip_grouped/lstm_target_ego_speed_mps__2s_test.npz,True,reports/orius_av/nuplan_allzip_grouped/model_cards/target_ego_speed_mps__2s.md,True,reports/orius_av/nuplan_allzip_grouped_runtime_dropout_aligned_m15_fulltest/runtime_summary.csv,True,reports/orius_av/nuplan_allzip_grouped_runtime_dropout_aligned_m15_fulltest/runtime_comparator_summary.csv,True,reports/orius_av/nuplan_allzip_grouped_runtime_dropout_aligned_m15_fulltest/runtime_negative_controls.csv,True,reports/orius_av/nuplan_allzip_grouped_runtime_dropout_aligned_m15_fulltest/runtime_ablation_summary.csv,True,reports/publication/three_domain_ml_benchmark.csv;reports/publication/three_domain_forecast_calibration_runtime_evidence.csv;reports/publication/utility_preserving_safety_scorecard.csv;reports/publication/model_quality_gate.json,True,pass,,COMPLETE,"Verified from active config, artifacts, metrics, calibration/backtest, runtime, and publication evidence."
AV,nuPlan all-zip grouped AV replay,target_ego_speed_mps__2s,dl_tcn,tcn,candidate_model,configs/train_forecast_av.yaml,data/orius_av/av/processed_nuplan_allzip_grouped/anchor_features.parquet;data/orius_av/av/processed_nuplan_allzip_grouped/replay_windows.parquet;data/orius_av/av/processed_nuplan_allzip_grouped/nuplan_source_manifest.json,True,data/orius_av/av/processed_nuplan_allzip_grouped/splits,True,"{""calibration"": 39079, ""test"": 37344, ""train"": 265904, ""val"": 37115}",artifacts/models_orius_av_nuplan_allzip_grouped/tcn_target_ego_speed_mps__2s.pt,True,reports/orius_av/nuplan_allzip_grouped/week2_metrics.json,False,artifacts/uncertainty/orius_av_nuplan_allzip_grouped/target_ego_speed_mps__2s_conformal.json,True,reports/orius_av/nuplan_allzip_grouped/target_ego_speed_mps__2s_test.npz,True,reports/orius_av/nuplan_allzip_grouped/model_cards/target_ego_speed_mps__2s.md,True,reports/orius_av/nuplan_allzip_grouped_runtime_dropout_aligned_m15_fulltest/runtime_summary.csv,True,reports/orius_av/nuplan_allzip_grouped_runtime_dropout_aligned_m15_fulltest/runtime_comparator_summary.csv,True,reports/orius_av/nuplan_allzip_grouped_runtime_dropout_aligned_m15_fulltest/runtime_negative_controls.csv,True,reports/orius_av/nuplan_allzip_grouped_runtime_dropout_aligned_m15_fulltest/runtime_ablation_summary.csv,True,reports/publication/three_domain_ml_benchmark.csv;reports/publication/three_domain_forecast_calibration_runtime_evidence.csv;reports/publication/utility_preserving_safety_scorecard.csv;reports/publication/model_quality_gate.json,True,not_in_gate,,PARTIAL,Canonical metrics file does not contain this model key for the target.
AV,nuPlan all-zip grouped AV replay,target_ego_speed_mps__2s,dl_nbeats,nbeats,candidate_model,configs/train_forecast_av.yaml,data/orius_av/av/processed_nuplan_allzip_grouped/anchor_features.parquet;data/orius_av/av/processed_nuplan_allzip_grouped/replay_windows.parquet;data/orius_av/av/processed_nuplan_allzip_grouped/nuplan_source_manifest.json,True,data/orius_av/av/processed_nuplan_allzip_grouped/splits,True,"{""calibration"": 39079, ""test"": 37344, ""train"": 265904, ""val"": 37115}",artifacts/models_orius_av_nuplan_allzip_grouped/nbeats_target_ego_speed_mps__2s.pt,False,reports/orius_av/nuplan_allzip_grouped/week2_metrics.json,False,artifacts/uncertainty/orius_av_nuplan_allzip_grouped/target_ego_speed_mps__2s_conformal.json,True,reports/orius_av/nuplan_allzip_grouped/target_ego_speed_mps__2s_test.npz,True,reports/orius_av/nuplan_allzip_grouped/model_cards/target_ego_speed_mps__2s.md,True,reports/orius_av/nuplan_allzip_grouped_runtime_dropout_aligned_m15_fulltest/runtime_summary.csv,True,reports/orius_av/nuplan_allzip_grouped_runtime_dropout_aligned_m15_fulltest/runtime_comparator_summary.csv,True,reports/orius_av/nuplan_allzip_grouped_runtime_dropout_aligned_m15_fulltest/runtime_negative_controls.csv,True,reports/orius_av/nuplan_allzip_grouped_runtime_dropout_aligned_m15_fulltest/runtime_ablation_summary.csv,True,reports/publication/three_domain_ml_benchmark.csv;reports/publication/three_domain_forecast_calibration_runtime_evidence.csv;reports/publication/utility_preserving_safety_scorecard.csv;reports/publication/model_quality_gate.json,True,not_in_gate,,PARTIAL,No active top-level model artifact found for this expected model/target. Canonical metrics file does not contain this model key for the target.
AV,nuPlan all-zip grouped AV replay,target_ego_speed_mps__2s,dl_tft,tft,candidate_model,configs/train_forecast_av.yaml,data/orius_av/av/processed_nuplan_allzip_grouped/anchor_features.parquet;data/orius_av/av/processed_nuplan_allzip_grouped/replay_windows.parquet;data/orius_av/av/processed_nuplan_allzip_grouped/nuplan_source_manifest.json,True,data/orius_av/av/processed_nuplan_allzip_grouped/splits,True,"{""calibration"": 39079, ""test"": 37344, ""train"": 265904, ""val"": 37115}",artifacts/models_orius_av_nuplan_allzip_grouped/tft_target_ego_speed_mps__2s.pt,False,reports/orius_av/nuplan_allzip_grouped/week2_metrics.json,False,artifacts/uncertainty/orius_av_nuplan_allzip_grouped/target_ego_speed_mps__2s_conformal.json,True,reports/orius_av/nuplan_allzip_grouped/target_ego_speed_mps__2s_test.npz,True,reports/orius_av/nuplan_allzip_grouped/model_cards/target_ego_speed_mps__2s.md,True,reports/orius_av/nuplan_allzip_grouped_runtime_dropout_aligned_m15_fulltest/runtime_summary.csv,True,reports/orius_av/nuplan_allzip_grouped_runtime_dropout_aligned_m15_fulltest/runtime_comparator_summary.csv,True,reports/orius_av/nuplan_allzip_grouped_runtime_dropout_aligned_m15_fulltest/runtime_negative_controls.csv,True,reports/orius_av/nuplan_allzip_grouped_runtime_dropout_aligned_m15_fulltest/runtime_ablation_summary.csv,True,reports/publication/three_domain_ml_benchmark.csv;reports/publication/three_domain_forecast_calibration_runtime_evidence.csv;reports/publication/utility_preserving_safety_scorecard.csv;reports/publication/model_quality_gate.json,True,not_in_gate,,PARTIAL,No active top-level model artifact found for this expected model/target. Canonical metrics file does not contain this model key for the target.
AV,nuPlan all-zip grouped AV replay,target_ego_speed_mps__2s,dl_patchtst,patchtst,candidate_model,configs/train_forecast_av.yaml,data/orius_av/av/processed_nuplan_allzip_grouped/anchor_features.parquet;data/orius_av/av/processed_nuplan_allzip_grouped/replay_windows.parquet;data/orius_av/av/processed_nuplan_allzip_grouped/nuplan_source_manifest.json,True,data/orius_av/av/processed_nuplan_allzip_grouped/splits,True,"{""calibration"": 39079, ""test"": 37344, ""train"": 265904, ""val"": 37115}",artifacts/models_orius_av_nuplan_allzip_grouped/patchtst_target_ego_speed_mps__2s.pt,False,reports/orius_av/nuplan_allzip_grouped/week2_metrics.json,False,artifacts/uncertainty/orius_av_nuplan_allzip_grouped/target_ego_speed_mps__2s_conformal.json,True,reports/orius_av/nuplan_allzip_grouped/target_ego_speed_mps__2s_test.npz,True,reports/orius_av/nuplan_allzip_grouped/model_cards/target_ego_speed_mps__2s.md,True,reports/orius_av/nuplan_allzip_grouped_runtime_dropout_aligned_m15_fulltest/runtime_summary.csv,True,reports/orius_av/nuplan_allzip_grouped_runtime_dropout_aligned_m15_fulltest/runtime_comparator_summary.csv,True,reports/orius_av/nuplan_allzip_grouped_runtime_dropout_aligned_m15_fulltest/runtime_negative_controls.csv,True,reports/orius_av/nuplan_allzip_grouped_runtime_dropout_aligned_m15_fulltest/runtime_ablation_summary.csv,True,reports/publication/three_domain_ml_benchmark.csv;reports/publication/three_domain_forecast_calibration_runtime_evidence.csv;reports/publication/utility_preserving_safety_scorecard.csv;reports/publication/model_quality_gate.json,True,not_in_gate,,PARTIAL,No active top-level model artifact found for this expected model/target. Canonical metrics file does not contain this model key for the target.
AV,nuPlan all-zip grouped AV replay,target_relative_gap_m__2s,baseline_gbm,gbm,release_model,configs/train_forecast_av.yaml,data/orius_av/av/processed_nuplan_allzip_grouped/anchor_features.parquet;data/orius_av/av/processed_nuplan_allzip_grouped/replay_windows.parquet;data/orius_av/av/processed_nuplan_allzip_grouped/nuplan_source_manifest.json,True,data/orius_av/av/processed_nuplan_allzip_grouped/splits,True,"{""calibration"": 39079, ""test"": 37344, ""train"": 265904, ""val"": 37115}",artifacts/models_orius_av_nuplan_allzip_grouped/gbm_lightgbm_target_relative_gap_m__2s.pkl,True,reports/orius_av/nuplan_allzip_grouped/week2_metrics.json,True,artifacts/uncertainty/orius_av_nuplan_allzip_grouped/gbm_target_relative_gap_m__2s_conformal.json,True,reports/orius_av/nuplan_allzip_grouped/gbm_target_relative_gap_m__2s_test.npz,True,reports/orius_av/nuplan_allzip_grouped/model_cards/target_relative_gap_m__2s.md,True,reports/orius_av/nuplan_allzip_grouped_runtime_dropout_aligned_m15_fulltest/runtime_summary.csv,True,reports/orius_av/nuplan_allzip_grouped_runtime_dropout_aligned_m15_fulltest/runtime_comparator_summary.csv,True,reports/orius_av/nuplan_allzip_grouped_runtime_dropout_aligned_m15_fulltest/runtime_negative_controls.csv,True,reports/orius_av/nuplan_allzip_grouped_runtime_dropout_aligned_m15_fulltest/runtime_ablation_summary.csv,True,reports/publication/three_domain_ml_benchmark.csv;reports/publication/three_domain_forecast_calibration_runtime_evidence.csv;reports/publication/utility_preserving_safety_scorecard.csv;reports/publication/model_quality_gate.json,True,pass,,COMPLETE,"Verified from active config, artifacts, metrics, calibration/backtest, runtime, and publication evidence."
AV,nuPlan all-zip grouped AV replay,target_relative_gap_m__2s,quantile_gbm,quantile_gbm,uncertainty_component,configs/train_forecast_av.yaml,data/orius_av/av/processed_nuplan_allzip_grouped/anchor_features.parquet;data/orius_av/av/processed_nuplan_allzip_grouped/replay_windows.parquet;data/orius_av/av/processed_nuplan_allzip_grouped/nuplan_source_manifest.json,True,data/orius_av/av/processed_nuplan_allzip_grouped/splits,True,"{""calibration"": 39079, ""test"": 37344, ""train"": 265904, ""val"": 37115}",,False,reports/orius_av/nuplan_allzip_grouped/week2_metrics.json,False,artifacts/uncertainty/orius_av_nuplan_allzip_grouped/target_relative_gap_m__2s_conformal.json,True,reports/orius_av/nuplan_allzip_grouped/target_relative_gap_m__2s_test.npz,True,reports/orius_av/nuplan_allzip_grouped/model_cards/target_relative_gap_m__2s.md,True,reports/orius_av/nuplan_allzip_grouped_runtime_dropout_aligned_m15_fulltest/runtime_summary.csv,True,reports/orius_av/nuplan_allzip_grouped_runtime_dropout_aligned_m15_fulltest/runtime_comparator_summary.csv,True,reports/orius_av/nuplan_allzip_grouped_runtime_dropout_aligned_m15_fulltest/runtime_negative_controls.csv,True,reports/orius_av/nuplan_allzip_grouped_runtime_dropout_aligned_m15_fulltest/runtime_ablation_summary.csv,True,reports/publication/three_domain_ml_benchmark.csv;reports/publication/three_domain_forecast_calibration_runtime_evidence.csv;reports/publication/utility_preserving_safety_scorecard.csv;reports/publication/model_quality_gate.json,True,not_applicable,,PARTIAL,Configured quantile_gbm is treated as an uncertainty/calibration component; no independent checkpoint or model-quality metric key found.
AV,nuPlan all-zip grouped AV replay,target_relative_gap_m__2s,dl_lstm,lstm,candidate_model,configs/train_forecast_av.yaml,data/orius_av/av/processed_nuplan_allzip_grouped/anchor_features.parquet;data/orius_av/av/processed_nuplan_allzip_grouped/replay_windows.parquet;data/orius_av/av/processed_nuplan_allzip_grouped/nuplan_source_manifest.json,True,data/orius_av/av/processed_nuplan_allzip_grouped/splits,True,"{""calibration"": 39079, ""test"": 37344, ""train"": 265904, ""val"": 37115}",artifacts/models_orius_av_nuplan_allzip_grouped/lstm_target_relative_gap_m__2s.pt,False,reports/orius_av/nuplan_allzip_grouped/week2_metrics.json,False,artifacts/uncertainty/orius_av_nuplan_allzip_grouped/target_relative_gap_m__2s_conformal.json,True,reports/orius_av/nuplan_allzip_grouped/target_relative_gap_m__2s_test.npz,True,reports/orius_av/nuplan_allzip_grouped/model_cards/target_relative_gap_m__2s.md,True,reports/orius_av/nuplan_allzip_grouped_runtime_dropout_aligned_m15_fulltest/runtime_summary.csv,True,reports/orius_av/nuplan_allzip_grouped_runtime_dropout_aligned_m15_fulltest/runtime_comparator_summary.csv,True,reports/orius_av/nuplan_allzip_grouped_runtime_dropout_aligned_m15_fulltest/runtime_negative_controls.csv,True,reports/orius_av/nuplan_allzip_grouped_runtime_dropout_aligned_m15_fulltest/runtime_ablation_summary.csv,True,reports/publication/three_domain_ml_benchmark.csv;reports/publication/three_domain_forecast_calibration_runtime_evidence.csv;reports/publication/utility_preserving_safety_scorecard.csv;reports/publication/model_quality_gate.json,True,not_in_gate,,PARTIAL,No active top-level model artifact found for this expected model/target. Canonical metrics file does not contain this model key for the target.
AV,nuPlan all-zip grouped AV replay,target_relative_gap_m__2s,dl_tcn,tcn,candidate_model,configs/train_forecast_av.yaml,data/orius_av/av/processed_nuplan_allzip_grouped/anchor_features.parquet;data/orius_av/av/processed_nuplan_allzip_grouped/replay_windows.parquet;data/orius_av/av/processed_nuplan_allzip_grouped/nuplan_source_manifest.json,True,data/orius_av/av/processed_nuplan_allzip_grouped/splits,True,"{""calibration"": 39079, ""test"": 37344, ""train"": 265904, ""val"": 37115}",artifacts/models_orius_av_nuplan_allzip_grouped/tcn_target_relative_gap_m__2s.pt,False,reports/orius_av/nuplan_allzip_grouped/week2_metrics.json,False,artifacts/uncertainty/orius_av_nuplan_allzip_grouped/target_relative_gap_m__2s_conformal.json,True,reports/orius_av/nuplan_allzip_grouped/target_relative_gap_m__2s_test.npz,True,reports/orius_av/nuplan_allzip_grouped/model_cards/target_relative_gap_m__2s.md,True,reports/orius_av/nuplan_allzip_grouped_runtime_dropout_aligned_m15_fulltest/runtime_summary.csv,True,reports/orius_av/nuplan_allzip_grouped_runtime_dropout_aligned_m15_fulltest/runtime_comparator_summary.csv,True,reports/orius_av/nuplan_allzip_grouped_runtime_dropout_aligned_m15_fulltest/runtime_negative_controls.csv,True,reports/orius_av/nuplan_allzip_grouped_runtime_dropout_aligned_m15_fulltest/runtime_ablation_summary.csv,True,reports/publication/three_domain_ml_benchmark.csv;reports/publication/three_domain_forecast_calibration_runtime_evidence.csv;reports/publication/utility_preserving_safety_scorecard.csv;reports/publication/model_quality_gate.json,True,not_in_gate,,PARTIAL,No active top-level model artifact found for this expected model/target. Canonical metrics file does not contain this model key for the target.
AV,nuPlan all-zip grouped AV replay,target_relative_gap_m__2s,dl_nbeats,nbeats,candidate_model,configs/train_forecast_av.yaml,data/orius_av/av/processed_nuplan_allzip_grouped/anchor_features.parquet;data/orius_av/av/processed_nuplan_allzip_grouped/replay_windows.parquet;data/orius_av/av/processed_nuplan_allzip_grouped/nuplan_source_manifest.json,True,data/orius_av/av/processed_nuplan_allzip_grouped/splits,True,"{""calibration"": 39079, ""test"": 37344, ""train"": 265904, ""val"": 37115}",artifacts/models_orius_av_nuplan_allzip_grouped/nbeats_target_relative_gap_m__2s.pt,False,reports/orius_av/nuplan_allzip_grouped/week2_metrics.json,False,artifacts/uncertainty/orius_av_nuplan_allzip_grouped/target_relative_gap_m__2s_conformal.json,True,reports/orius_av/nuplan_allzip_grouped/target_relative_gap_m__2s_test.npz,True,reports/orius_av/nuplan_allzip_grouped/model_cards/target_relative_gap_m__2s.md,True,reports/orius_av/nuplan_allzip_grouped_runtime_dropout_aligned_m15_fulltest/runtime_summary.csv,True,reports/orius_av/nuplan_allzip_grouped_runtime_dropout_aligned_m15_fulltest/runtime_comparator_summary.csv,True,reports/orius_av/nuplan_allzip_grouped_runtime_dropout_aligned_m15_fulltest/runtime_negative_controls.csv,True,reports/orius_av/nuplan_allzip_grouped_runtime_dropout_aligned_m15_fulltest/runtime_ablation_summary.csv,True,reports/publication/three_domain_ml_benchmark.csv;reports/publication/three_domain_forecast_calibration_runtime_evidence.csv;reports/publication/utility_preserving_safety_scorecard.csv;reports/publication/model_quality_gate.json,True,not_in_gate,,PARTIAL,No active top-level model artifact found for this expected model/target. Canonical metrics file does not contain this model key for the target.
AV,nuPlan all-zip grouped AV replay,target_relative_gap_m__2s,dl_tft,tft,candidate_model,configs/train_forecast_av.yaml,data/orius_av/av/processed_nuplan_allzip_grouped/anchor_features.parquet;data/orius_av/av/processed_nuplan_allzip_grouped/replay_windows.parquet;data/orius_av/av/processed_nuplan_allzip_grouped/nuplan_source_manifest.json,True,data/orius_av/av/processed_nuplan_allzip_grouped/splits,True,"{""calibration"": 39079, ""test"": 37344, ""train"": 265904, ""val"": 37115}",artifacts/models_orius_av_nuplan_allzip_grouped/tft_target_relative_gap_m__2s.pt,False,reports/orius_av/nuplan_allzip_grouped/week2_metrics.json,False,artifacts/uncertainty/orius_av_nuplan_allzip_grouped/target_relative_gap_m__2s_conformal.json,True,reports/orius_av/nuplan_allzip_grouped/target_relative_gap_m__2s_test.npz,True,reports/orius_av/nuplan_allzip_grouped/model_cards/target_relative_gap_m__2s.md,True,reports/orius_av/nuplan_allzip_grouped_runtime_dropout_aligned_m15_fulltest/runtime_summary.csv,True,reports/orius_av/nuplan_allzip_grouped_runtime_dropout_aligned_m15_fulltest/runtime_comparator_summary.csv,True,reports/orius_av/nuplan_allzip_grouped_runtime_dropout_aligned_m15_fulltest/runtime_negative_controls.csv,True,reports/orius_av/nuplan_allzip_grouped_runtime_dropout_aligned_m15_fulltest/runtime_ablation_summary.csv,True,reports/publication/three_domain_ml_benchmark.csv;reports/publication/three_domain_forecast_calibration_runtime_evidence.csv;reports/publication/utility_preserving_safety_scorecard.csv;reports/publication/model_quality_gate.json,True,not_in_gate,,PARTIAL,No active top-level model artifact found for this expected model/target. Canonical metrics file does not contain this model key for the target.
AV,nuPlan all-zip grouped AV replay,target_relative_gap_m__2s,dl_patchtst,patchtst,candidate_model,configs/train_forecast_av.yaml,data/orius_av/av/processed_nuplan_allzip_grouped/anchor_features.parquet;data/orius_av/av/processed_nuplan_allzip_grouped/replay_windows.parquet;data/orius_av/av/processed_nuplan_allzip_grouped/nuplan_source_manifest.json,True,data/orius_av/av/processed_nuplan_allzip_grouped/splits,True,"{""calibration"": 39079, ""test"": 37344, ""train"": 265904, ""val"": 37115}",artifacts/models_orius_av_nuplan_allzip_grouped/patchtst_target_relative_gap_m__2s.pt,False,reports/orius_av/nuplan_allzip_grouped/week2_metrics.json,False,artifacts/uncertainty/orius_av_nuplan_allzip_grouped/target_relative_gap_m__2s_conformal.json,True,reports/orius_av/nuplan_allzip_grouped/target_relative_gap_m__2s_test.npz,True,reports/orius_av/nuplan_allzip_grouped/model_cards/target_relative_gap_m__2s.md,True,reports/orius_av/nuplan_allzip_grouped_runtime_dropout_aligned_m15_fulltest/runtime_summary.csv,True,reports/orius_av/nuplan_allzip_grouped_runtime_dropout_aligned_m15_fulltest/runtime_comparator_summary.csv,True,reports/orius_av/nuplan_allzip_grouped_runtime_dropout_aligned_m15_fulltest/runtime_negative_controls.csv,True,reports/orius_av/nuplan_allzip_grouped_runtime_dropout_aligned_m15_fulltest/runtime_ablation_summary.csv,True,reports/publication/three_domain_ml_benchmark.csv;reports/publication/three_domain_forecast_calibration_runtime_evidence.csv;reports/publication/utility_preserving_safety_scorecard.csv;reports/publication/model_quality_gate.json,True,not_in_gate,,PARTIAL,No active top-level model artifact found for this expected model/target. Canonical metrics file does not contain this model key for the target.
AV,nuPlan all-zip grouped AV replay,target_ego_speed_mps__4s,baseline_gbm,gbm,release_model,configs/train_forecast_av.yaml,data/orius_av/av/processed_nuplan_allzip_grouped/anchor_features.parquet;data/orius_av/av/processed_nuplan_allzip_grouped/replay_windows.parquet;data/orius_av/av/processed_nuplan_allzip_grouped/nuplan_source_manifest.json,True,data/orius_av/av/processed_nuplan_allzip_grouped/splits,True,"{""calibration"": 39079, ""test"": 37344, ""train"": 265904, ""val"": 37115}",artifacts/models_orius_av_nuplan_allzip_grouped/gbm_lightgbm_target_ego_speed_mps__4s.pkl,True,reports/orius_av/nuplan_allzip_grouped/week2_metrics.json,True,artifacts/uncertainty/orius_av_nuplan_allzip_grouped/gbm_target_ego_speed_mps__4s_conformal.json,True,reports/orius_av/nuplan_allzip_grouped/gbm_target_ego_speed_mps__4s_test.npz,True,reports/orius_av/nuplan_allzip_grouped/model_cards/target_ego_speed_mps__4s.md,True,reports/orius_av/nuplan_allzip_grouped_runtime_dropout_aligned_m15_fulltest/runtime_summary.csv,True,reports/orius_av/nuplan_allzip_grouped_runtime_dropout_aligned_m15_fulltest/runtime_comparator_summary.csv,True,reports/orius_av/nuplan_allzip_grouped_runtime_dropout_aligned_m15_fulltest/runtime_negative_controls.csv,True,reports/orius_av/nuplan_allzip_grouped_runtime_dropout_aligned_m15_fulltest/runtime_ablation_summary.csv,True,reports/publication/three_domain_ml_benchmark.csv;reports/publication/three_domain_forecast_calibration_runtime_evidence.csv;reports/publication/utility_preserving_safety_scorecard.csv;reports/publication/model_quality_gate.json,True,pass,,COMPLETE,"Verified from active config, artifacts, metrics, calibration/backtest, runtime, and publication evidence."
AV,nuPlan all-zip grouped AV replay,target_ego_speed_mps__4s,quantile_gbm,quantile_gbm,uncertainty_component,configs/train_forecast_av.yaml,data/orius_av/av/processed_nuplan_allzip_grouped/anchor_features.parquet;data/orius_av/av/processed_nuplan_allzip_grouped/replay_windows.parquet;data/orius_av/av/processed_nuplan_allzip_grouped/nuplan_source_manifest.json,True,data/orius_av/av/processed_nuplan_allzip_grouped/splits,True,"{""calibration"": 39079, ""test"": 37344, ""train"": 265904, ""val"": 37115}",,False,reports/orius_av/nuplan_allzip_grouped/week2_metrics.json,False,artifacts/uncertainty/orius_av_nuplan_allzip_grouped/target_ego_speed_mps__4s_conformal.json,True,reports/orius_av/nuplan_allzip_grouped/target_ego_speed_mps__4s_test.npz,True,reports/orius_av/nuplan_allzip_grouped/model_cards/target_ego_speed_mps__4s.md,True,reports/orius_av/nuplan_allzip_grouped_runtime_dropout_aligned_m15_fulltest/runtime_summary.csv,True,reports/orius_av/nuplan_allzip_grouped_runtime_dropout_aligned_m15_fulltest/runtime_comparator_summary.csv,True,reports/orius_av/nuplan_allzip_grouped_runtime_dropout_aligned_m15_fulltest/runtime_negative_controls.csv,True,reports/orius_av/nuplan_allzip_grouped_runtime_dropout_aligned_m15_fulltest/runtime_ablation_summary.csv,True,reports/publication/three_domain_ml_benchmark.csv;reports/publication/three_domain_forecast_calibration_runtime_evidence.csv;reports/publication/utility_preserving_safety_scorecard.csv;reports/publication/model_quality_gate.json,True,not_applicable,,PARTIAL,Configured quantile_gbm is treated as an uncertainty/calibration component; no independent checkpoint or model-quality metric key found.
AV,nuPlan all-zip grouped AV replay,target_ego_speed_mps__4s,dl_lstm,lstm,candidate_model,configs/train_forecast_av.yaml,data/orius_av/av/processed_nuplan_allzip_grouped/anchor_features.parquet;data/orius_av/av/processed_nuplan_allzip_grouped/replay_windows.parquet;data/orius_av/av/processed_nuplan_allzip_grouped/nuplan_source_manifest.json,True,data/orius_av/av/processed_nuplan_allzip_grouped/splits,True,"{""calibration"": 39079, ""test"": 37344, ""train"": 265904, ""val"": 37115}",artifacts/models_orius_av_nuplan_allzip_grouped/lstm_target_ego_speed_mps__4s.pt,False,reports/orius_av/nuplan_allzip_grouped/week2_metrics.json,False,artifacts/uncertainty/orius_av_nuplan_allzip_grouped/target_ego_speed_mps__4s_conformal.json,True,reports/orius_av/nuplan_allzip_grouped/target_ego_speed_mps__4s_test.npz,True,reports/orius_av/nuplan_allzip_grouped/model_cards/target_ego_speed_mps__4s.md,True,reports/orius_av/nuplan_allzip_grouped_runtime_dropout_aligned_m15_fulltest/runtime_summary.csv,True,reports/orius_av/nuplan_allzip_grouped_runtime_dropout_aligned_m15_fulltest/runtime_comparator_summary.csv,True,reports/orius_av/nuplan_allzip_grouped_runtime_dropout_aligned_m15_fulltest/runtime_negative_controls.csv,True,reports/orius_av/nuplan_allzip_grouped_runtime_dropout_aligned_m15_fulltest/runtime_ablation_summary.csv,True,reports/publication/three_domain_ml_benchmark.csv;reports/publication/three_domain_forecast_calibration_runtime_evidence.csv;reports/publication/utility_preserving_safety_scorecard.csv;reports/publication/model_quality_gate.json,True,not_in_gate,,PARTIAL,No active top-level model artifact found for this expected model/target. Canonical metrics file does not contain this model key for the target.
AV,nuPlan all-zip grouped AV replay,target_ego_speed_mps__4s,dl_tcn,tcn,candidate_model,configs/train_forecast_av.yaml,data/orius_av/av/processed_nuplan_allzip_grouped/anchor_features.parquet;data/orius_av/av/processed_nuplan_allzip_grouped/replay_windows.parquet;data/orius_av/av/processed_nuplan_allzip_grouped/nuplan_source_manifest.json,True,data/orius_av/av/processed_nuplan_allzip_grouped/splits,True,"{""calibration"": 39079, ""test"": 37344, ""train"": 265904, ""val"": 37115}",artifacts/models_orius_av_nuplan_allzip_grouped/tcn_target_ego_speed_mps__4s.pt,False,reports/orius_av/nuplan_allzip_grouped/week2_metrics.json,False,artifacts/uncertainty/orius_av_nuplan_allzip_grouped/target_ego_speed_mps__4s_conformal.json,True,reports/orius_av/nuplan_allzip_grouped/target_ego_speed_mps__4s_test.npz,True,reports/orius_av/nuplan_allzip_grouped/model_cards/target_ego_speed_mps__4s.md,True,reports/orius_av/nuplan_allzip_grouped_runtime_dropout_aligned_m15_fulltest/runtime_summary.csv,True,reports/orius_av/nuplan_allzip_grouped_runtime_dropout_aligned_m15_fulltest/runtime_comparator_summary.csv,True,reports/orius_av/nuplan_allzip_grouped_runtime_dropout_aligned_m15_fulltest/runtime_negative_controls.csv,True,reports/orius_av/nuplan_allzip_grouped_runtime_dropout_aligned_m15_fulltest/runtime_ablation_summary.csv,True,reports/publication/three_domain_ml_benchmark.csv;reports/publication/three_domain_forecast_calibration_runtime_evidence.csv;reports/publication/utility_preserving_safety_scorecard.csv;reports/publication/model_quality_gate.json,True,not_in_gate,,PARTIAL,No active top-level model artifact found for this expected model/target. Canonical metrics file does not contain this model key for the target.
AV,nuPlan all-zip grouped AV replay,target_ego_speed_mps__4s,dl_nbeats,nbeats,candidate_model,configs/train_forecast_av.yaml,data/orius_av/av/processed_nuplan_allzip_grouped/anchor_features.parquet;data/orius_av/av/processed_nuplan_allzip_grouped/replay_windows.parquet;data/orius_av/av/processed_nuplan_allzip_grouped/nuplan_source_manifest.json,True,data/orius_av/av/processed_nuplan_allzip_grouped/splits,True,"{""calibration"": 39079, ""test"": 37344, ""train"": 265904, ""val"": 37115}",artifacts/models_orius_av_nuplan_allzip_grouped/nbeats_target_ego_speed_mps__4s.pt,False,reports/orius_av/nuplan_allzip_grouped/week2_metrics.json,False,artifacts/uncertainty/orius_av_nuplan_allzip_grouped/target_ego_speed_mps__4s_conformal.json,True,reports/orius_av/nuplan_allzip_grouped/target_ego_speed_mps__4s_test.npz,True,reports/orius_av/nuplan_allzip_grouped/model_cards/target_ego_speed_mps__4s.md,True,reports/orius_av/nuplan_allzip_grouped_runtime_dropout_aligned_m15_fulltest/runtime_summary.csv,True,reports/orius_av/nuplan_allzip_grouped_runtime_dropout_aligned_m15_fulltest/runtime_comparator_summary.csv,True,reports/orius_av/nuplan_allzip_grouped_runtime_dropout_aligned_m15_fulltest/runtime_negative_controls.csv,True,reports/orius_av/nuplan_allzip_grouped_runtime_dropout_aligned_m15_fulltest/runtime_ablation_summary.csv,True,reports/publication/three_domain_ml_benchmark.csv;reports/publication/three_domain_forecast_calibration_runtime_evidence.csv;reports/publication/utility_preserving_safety_scorecard.csv;reports/publication/model_quality_gate.json,True,not_in_gate,,PARTIAL,No active top-level model artifact found for this expected model/target. Canonical metrics file does not contain this model key for the target.
AV,nuPlan all-zip grouped AV replay,target_ego_speed_mps__4s,dl_tft,tft,candidate_model,configs/train_forecast_av.yaml,data/orius_av/av/processed_nuplan_allzip_grouped/anchor_features.parquet;data/orius_av/av/processed_nuplan_allzip_grouped/replay_windows.parquet;data/orius_av/av/processed_nuplan_allzip_grouped/nuplan_source_manifest.json,True,data/orius_av/av/processed_nuplan_allzip_grouped/splits,True,"{""calibration"": 39079, ""test"": 37344, ""train"": 265904, ""val"": 37115}",artifacts/models_orius_av_nuplan_allzip_grouped/tft_target_ego_speed_mps__4s.pt,False,reports/orius_av/nuplan_allzip_grouped/week2_metrics.json,False,artifacts/uncertainty/orius_av_nuplan_allzip_grouped/target_ego_speed_mps__4s_conformal.json,True,reports/orius_av/nuplan_allzip_grouped/target_ego_speed_mps__4s_test.npz,True,reports/orius_av/nuplan_allzip_grouped/model_cards/target_ego_speed_mps__4s.md,True,reports/orius_av/nuplan_allzip_grouped_runtime_dropout_aligned_m15_fulltest/runtime_summary.csv,True,reports/orius_av/nuplan_allzip_grouped_runtime_dropout_aligned_m15_fulltest/runtime_comparator_summary.csv,True,reports/orius_av/nuplan_allzip_grouped_runtime_dropout_aligned_m15_fulltest/runtime_negative_controls.csv,True,reports/orius_av/nuplan_allzip_grouped_runtime_dropout_aligned_m15_fulltest/runtime_ablation_summary.csv,True,reports/publication/three_domain_ml_benchmark.csv;reports/publication/three_domain_forecast_calibration_runtime_evidence.csv;reports/publication/utility_preserving_safety_scorecard.csv;reports/publication/model_quality_gate.json,True,not_in_gate,,PARTIAL,No active top-level model artifact found for this expected model/target. Canonical metrics file does not contain this model key for the target.
AV,nuPlan all-zip grouped AV replay,target_ego_speed_mps__4s,dl_patchtst,patchtst,candidate_model,configs/train_forecast_av.yaml,data/orius_av/av/processed_nuplan_allzip_grouped/anchor_features.parquet;data/orius_av/av/processed_nuplan_allzip_grouped/replay_windows.parquet;data/orius_av/av/processed_nuplan_allzip_grouped/nuplan_source_manifest.json,True,data/orius_av/av/processed_nuplan_allzip_grouped/splits,True,"{""calibration"": 39079, ""test"": 37344, ""train"": 265904, ""val"": 37115}",artifacts/models_orius_av_nuplan_allzip_grouped/patchtst_target_ego_speed_mps__4s.pt,False,reports/orius_av/nuplan_allzip_grouped/week2_metrics.json,False,artifacts/uncertainty/orius_av_nuplan_allzip_grouped/target_ego_speed_mps__4s_conformal.json,True,reports/orius_av/nuplan_allzip_grouped/target_ego_speed_mps__4s_test.npz,True,reports/orius_av/nuplan_allzip_grouped/model_cards/target_ego_speed_mps__4s.md,True,reports/orius_av/nuplan_allzip_grouped_runtime_dropout_aligned_m15_fulltest/runtime_summary.csv,True,reports/orius_av/nuplan_allzip_grouped_runtime_dropout_aligned_m15_fulltest/runtime_comparator_summary.csv,True,reports/orius_av/nuplan_allzip_grouped_runtime_dropout_aligned_m15_fulltest/runtime_negative_controls.csv,True,reports/orius_av/nuplan_allzip_grouped_runtime_dropout_aligned_m15_fulltest/runtime_ablation_summary.csv,True,reports/publication/three_domain_ml_benchmark.csv;reports/publication/three_domain_forecast_calibration_runtime_evidence.csv;reports/publication/utility_preserving_safety_scorecard.csv;reports/publication/model_quality_gate.json,True,not_in_gate,,PARTIAL,No active top-level model artifact found for this expected model/target. Canonical metrics file does not contain this model key for the target.
AV,nuPlan all-zip grouped AV replay,target_relative_gap_m__4s,baseline_gbm,gbm,release_model,configs/train_forecast_av.yaml,data/orius_av/av/processed_nuplan_allzip_grouped/anchor_features.parquet;data/orius_av/av/processed_nuplan_allzip_grouped/replay_windows.parquet;data/orius_av/av/processed_nuplan_allzip_grouped/nuplan_source_manifest.json,True,data/orius_av/av/processed_nuplan_allzip_grouped/splits,True,"{""calibration"": 39079, ""test"": 37344, ""train"": 265904, ""val"": 37115}",artifacts/models_orius_av_nuplan_allzip_grouped/gbm_lightgbm_target_relative_gap_m__4s.pkl,True,reports/orius_av/nuplan_allzip_grouped/week2_metrics.json,True,artifacts/uncertainty/orius_av_nuplan_allzip_grouped/gbm_target_relative_gap_m__4s_conformal.json,True,reports/orius_av/nuplan_allzip_grouped/gbm_target_relative_gap_m__4s_test.npz,True,reports/orius_av/nuplan_allzip_grouped/model_cards/target_relative_gap_m__4s.md,True,reports/orius_av/nuplan_allzip_grouped_runtime_dropout_aligned_m15_fulltest/runtime_summary.csv,True,reports/orius_av/nuplan_allzip_grouped_runtime_dropout_aligned_m15_fulltest/runtime_comparator_summary.csv,True,reports/orius_av/nuplan_allzip_grouped_runtime_dropout_aligned_m15_fulltest/runtime_negative_controls.csv,True,reports/orius_av/nuplan_allzip_grouped_runtime_dropout_aligned_m15_fulltest/runtime_ablation_summary.csv,True,reports/publication/three_domain_ml_benchmark.csv;reports/publication/three_domain_forecast_calibration_runtime_evidence.csv;reports/publication/utility_preserving_safety_scorecard.csv;reports/publication/model_quality_gate.json,True,pass,,COMPLETE,"Verified from active config, artifacts, metrics, calibration/backtest, runtime, and publication evidence."
AV,nuPlan all-zip grouped AV replay,target_relative_gap_m__4s,quantile_gbm,quantile_gbm,uncertainty_component,configs/train_forecast_av.yaml,data/orius_av/av/processed_nuplan_allzip_grouped/anchor_features.parquet;data/orius_av/av/processed_nuplan_allzip_grouped/replay_windows.parquet;data/orius_av/av/processed_nuplan_allzip_grouped/nuplan_source_manifest.json,True,data/orius_av/av/processed_nuplan_allzip_grouped/splits,True,"{""calibration"": 39079, ""test"": 37344, ""train"": 265904, ""val"": 37115}",,False,reports/orius_av/nuplan_allzip_grouped/week2_metrics.json,False,artifacts/uncertainty/orius_av_nuplan_allzip_grouped/target_relative_gap_m__4s_conformal.json,True,reports/orius_av/nuplan_allzip_grouped/target_relative_gap_m__4s_test.npz,True,reports/orius_av/nuplan_allzip_grouped/model_cards/target_relative_gap_m__4s.md,True,reports/orius_av/nuplan_allzip_grouped_runtime_dropout_aligned_m15_fulltest/runtime_summary.csv,True,reports/orius_av/nuplan_allzip_grouped_runtime_dropout_aligned_m15_fulltest/runtime_comparator_summary.csv,True,reports/orius_av/nuplan_allzip_grouped_runtime_dropout_aligned_m15_fulltest/runtime_negative_controls.csv,True,reports/orius_av/nuplan_allzip_grouped_runtime_dropout_aligned_m15_fulltest/runtime_ablation_summary.csv,True,reports/publication/three_domain_ml_benchmark.csv;reports/publication/three_domain_forecast_calibration_runtime_evidence.csv;reports/publication/utility_preserving_safety_scorecard.csv;reports/publication/model_quality_gate.json,True,not_applicable,,PARTIAL,Configured quantile_gbm is treated as an uncertainty/calibration component; no independent checkpoint or model-quality metric key found.
AV,nuPlan all-zip grouped AV replay,target_relative_gap_m__4s,dl_lstm,lstm,candidate_model,configs/train_forecast_av.yaml,data/orius_av/av/processed_nuplan_allzip_grouped/anchor_features.parquet;data/orius_av/av/processed_nuplan_allzip_grouped/replay_windows.parquet;data/orius_av/av/processed_nuplan_allzip_grouped/nuplan_source_manifest.json,True,data/orius_av/av/processed_nuplan_allzip_grouped/splits,True,"{""calibration"": 39079, ""test"": 37344, ""train"": 265904, ""val"": 37115}",artifacts/models_orius_av_nuplan_allzip_grouped/lstm_target_relative_gap_m__4s.pt,False,reports/orius_av/nuplan_allzip_grouped/week2_metrics.json,False,artifacts/uncertainty/orius_av_nuplan_allzip_grouped/target_relative_gap_m__4s_conformal.json,True,reports/orius_av/nuplan_allzip_grouped/target_relative_gap_m__4s_test.npz,True,reports/orius_av/nuplan_allzip_grouped/model_cards/target_relative_gap_m__4s.md,True,reports/orius_av/nuplan_allzip_grouped_runtime_dropout_aligned_m15_fulltest/runtime_summary.csv,True,reports/orius_av/nuplan_allzip_grouped_runtime_dropout_aligned_m15_fulltest/runtime_comparator_summary.csv,True,reports/orius_av/nuplan_allzip_grouped_runtime_dropout_aligned_m15_fulltest/runtime_negative_controls.csv,True,reports/orius_av/nuplan_allzip_grouped_runtime_dropout_aligned_m15_fulltest/runtime_ablation_summary.csv,True,reports/publication/three_domain_ml_benchmark.csv;reports/publication/three_domain_forecast_calibration_runtime_evidence.csv;reports/publication/utility_preserving_safety_scorecard.csv;reports/publication/model_quality_gate.json,True,not_in_gate,,PARTIAL,No active top-level model artifact found for this expected model/target. Canonical metrics file does not contain this model key for the target.
AV,nuPlan all-zip grouped AV replay,target_relative_gap_m__4s,dl_tcn,tcn,candidate_model,configs/train_forecast_av.yaml,data/orius_av/av/processed_nuplan_allzip_grouped/anchor_features.parquet;data/orius_av/av/processed_nuplan_allzip_grouped/replay_windows.parquet;data/orius_av/av/processed_nuplan_allzip_grouped/nuplan_source_manifest.json,True,data/orius_av/av/processed_nuplan_allzip_grouped/splits,True,"{""calibration"": 39079, ""test"": 37344, ""train"": 265904, ""val"": 37115}",artifacts/models_orius_av_nuplan_allzip_grouped/tcn_target_relative_gap_m__4s.pt,False,reports/orius_av/nuplan_allzip_grouped/week2_metrics.json,False,artifacts/uncertainty/orius_av_nuplan_allzip_grouped/target_relative_gap_m__4s_conformal.json,True,reports/orius_av/nuplan_allzip_grouped/target_relative_gap_m__4s_test.npz,True,reports/orius_av/nuplan_allzip_grouped/model_cards/target_relative_gap_m__4s.md,True,reports/orius_av/nuplan_allzip_grouped_runtime_dropout_aligned_m15_fulltest/runtime_summary.csv,True,reports/orius_av/nuplan_allzip_grouped_runtime_dropout_aligned_m15_fulltest/runtime_comparator_summary.csv,True,reports/orius_av/nuplan_allzip_grouped_runtime_dropout_aligned_m15_fulltest/runtime_negative_controls.csv,True,reports/orius_av/nuplan_allzip_grouped_runtime_dropout_aligned_m15_fulltest/runtime_ablation_summary.csv,True,reports/publication/three_domain_ml_benchmark.csv;reports/publication/three_domain_forecast_calibration_runtime_evidence.csv;reports/publication/utility_preserving_safety_scorecard.csv;reports/publication/model_quality_gate.json,True,not_in_gate,,PARTIAL,No active top-level model artifact found for this expected model/target. Canonical metrics file does not contain this model key for the target.
AV,nuPlan all-zip grouped AV replay,target_relative_gap_m__4s,dl_nbeats,nbeats,candidate_model,configs/train_forecast_av.yaml,data/orius_av/av/processed_nuplan_allzip_grouped/anchor_features.parquet;data/orius_av/av/processed_nuplan_allzip_grouped/replay_windows.parquet;data/orius_av/av/processed_nuplan_allzip_grouped/nuplan_source_manifest.json,True,data/orius_av/av/processed_nuplan_allzip_grouped/splits,True,"{""calibration"": 39079, ""test"": 37344, ""train"": 265904, ""val"": 37115}",artifacts/models_orius_av_nuplan_allzip_grouped/nbeats_target_relative_gap_m__4s.pt,False,reports/orius_av/nuplan_allzip_grouped/week2_metrics.json,False,artifacts/uncertainty/orius_av_nuplan_allzip_grouped/target_relative_gap_m__4s_conformal.json,True,reports/orius_av/nuplan_allzip_grouped/target_relative_gap_m__4s_test.npz,True,reports/orius_av/nuplan_allzip_grouped/model_cards/target_relative_gap_m__4s.md,True,reports/orius_av/nuplan_allzip_grouped_runtime_dropout_aligned_m15_fulltest/runtime_summary.csv,True,reports/orius_av/nuplan_allzip_grouped_runtime_dropout_aligned_m15_fulltest/runtime_comparator_summary.csv,True,reports/orius_av/nuplan_allzip_grouped_runtime_dropout_aligned_m15_fulltest/runtime_negative_controls.csv,True,reports/orius_av/nuplan_allzip_grouped_runtime_dropout_aligned_m15_fulltest/runtime_ablation_summary.csv,True,reports/publication/three_domain_ml_benchmark.csv;reports/publication/three_domain_forecast_calibration_runtime_evidence.csv;reports/publication/utility_preserving_safety_scorecard.csv;reports/publication/model_quality_gate.json,True,not_in_gate,,PARTIAL,No active top-level model artifact found for this expected model/target. Canonical metrics file does not contain this model key for the target.
AV,nuPlan all-zip grouped AV replay,target_relative_gap_m__4s,dl_tft,tft,candidate_model,configs/train_forecast_av.yaml,data/orius_av/av/processed_nuplan_allzip_grouped/anchor_features.parquet;data/orius_av/av/processed_nuplan_allzip_grouped/replay_windows.parquet;data/orius_av/av/processed_nuplan_allzip_grouped/nuplan_source_manifest.json,True,data/orius_av/av/processed_nuplan_allzip_grouped/splits,True,"{""calibration"": 39079, ""test"": 37344, ""train"": 265904, ""val"": 37115}",artifacts/models_orius_av_nuplan_allzip_grouped/tft_target_relative_gap_m__4s.pt,False,reports/orius_av/nuplan_allzip_grouped/week2_metrics.json,False,artifacts/uncertainty/orius_av_nuplan_allzip_grouped/target_relative_gap_m__4s_conformal.json,True,reports/orius_av/nuplan_allzip_grouped/target_relative_gap_m__4s_test.npz,True,reports/orius_av/nuplan_allzip_grouped/model_cards/target_relative_gap_m__4s.md,True,reports/orius_av/nuplan_allzip_grouped_runtime_dropout_aligned_m15_fulltest/runtime_summary.csv,True,reports/orius_av/nuplan_allzip_grouped_runtime_dropout_aligned_m15_fulltest/runtime_comparator_summary.csv,True,reports/orius_av/nuplan_allzip_grouped_runtime_dropout_aligned_m15_fulltest/runtime_negative_controls.csv,True,reports/orius_av/nuplan_allzip_grouped_runtime_dropout_aligned_m15_fulltest/runtime_ablation_summary.csv,True,reports/publication/three_domain_ml_benchmark.csv;reports/publication/three_domain_forecast_calibration_runtime_evidence.csv;reports/publication/utility_preserving_safety_scorecard.csv;reports/publication/model_quality_gate.json,True,not_in_gate,,PARTIAL,No active top-level model artifact found for this expected model/target. Canonical metrics file does not contain this model key for the target.
AV,nuPlan all-zip grouped AV replay,target_relative_gap_m__4s,dl_patchtst,patchtst,candidate_model,configs/train_forecast_av.yaml,data/orius_av/av/processed_nuplan_allzip_grouped/anchor_features.parquet;data/orius_av/av/processed_nuplan_allzip_grouped/replay_windows.parquet;data/orius_av/av/processed_nuplan_allzip_grouped/nuplan_source_manifest.json,True,data/orius_av/av/processed_nuplan_allzip_grouped/splits,True,"{""calibration"": 39079, ""test"": 37344, ""train"": 265904, ""val"": 37115}",artifacts/models_orius_av_nuplan_allzip_grouped/patchtst_target_relative_gap_m__4s.pt,False,reports/orius_av/nuplan_allzip_grouped/week2_metrics.json,False,artifacts/uncertainty/orius_av_nuplan_allzip_grouped/target_relative_gap_m__4s_conformal.json,True,reports/orius_av/nuplan_allzip_grouped/target_relative_gap_m__4s_test.npz,True,reports/orius_av/nuplan_allzip_grouped/model_cards/target_relative_gap_m__4s.md,True,reports/orius_av/nuplan_allzip_grouped_runtime_dropout_aligned_m15_fulltest/runtime_summary.csv,True,reports/orius_av/nuplan_allzip_grouped_runtime_dropout_aligned_m15_fulltest/runtime_comparator_summary.csv,True,reports/orius_av/nuplan_allzip_grouped_runtime_dropout_aligned_m15_fulltest/runtime_negative_controls.csv,True,reports/orius_av/nuplan_allzip_grouped_runtime_dropout_aligned_m15_fulltest/runtime_ablation_summary.csv,True,reports/publication/three_domain_ml_benchmark.csv;reports/publication/three_domain_forecast_calibration_runtime_evidence.csv;reports/publication/utility_preserving_safety_scorecard.csv;reports/publication/model_quality_gate.json,True,not_in_gate,,PARTIAL,No active top-level model artifact found for this expected model/target. Canonical metrics file does not contain this model key for the target.
Healthcare,MIMIC-III retrospective healthcare vital signs,hr_bpm,baseline_gbm,gbm,release_model,configs/train_forecast_healthcare.yaml,data/healthcare/mimic3/processed/mimic3_healthcare_orius.csv;data/healthcare/mimic3/processed/mimic3_manifest.json;data/healthcare/processed/features.parquet,True,data/healthcare/processed/splits,True,"{""calibration"": 8872, ""test"": 22800, ""train"": 100929, ""val"": 14087}",artifacts/models_healthcare/gbm_lightgbm_hr_bpm.pkl,True,reports/healthcare/week2_metrics.json,True,artifacts/uncertainty/healthcare/gbm_hr_bpm_conformal.json,True,artifacts/backtests/healthcare/gbm_hr_bpm_test.npz,True,reports/healthcare/model_cards/hr_bpm.md,True,reports/healthcare/runtime_summary.csv,True,reports/healthcare/runtime_comparator_summary.csv,True,reports/healthcare/runtime_negative_controls.csv,True,reports/healthcare/runtime_ablation_summary.csv,True,reports/publication/three_domain_ml_benchmark.csv;reports/publication/three_domain_forecast_calibration_runtime_evidence.csv;reports/publication/utility_preserving_safety_scorecard.csv;reports/publication/model_quality_gate.json,True,pass,,COMPLETE,"Verified from active config, artifacts, metrics, calibration/backtest, runtime, and publication evidence."
Healthcare,MIMIC-III retrospective healthcare vital signs,hr_bpm,quantile_gbm,quantile_gbm,uncertainty_component,configs/train_forecast_healthcare.yaml,data/healthcare/mimic3/processed/mimic3_healthcare_orius.csv;data/healthcare/mimic3/processed/mimic3_manifest.json;data/healthcare/processed/features.parquet,True,data/healthcare/processed/splits,True,"{""calibration"": 8872, ""test"": 22800, ""train"": 100929, ""val"": 14087}",,False,reports/healthcare/week2_metrics.json,False,artifacts/uncertainty/healthcare/hr_bpm_conformal.json,True,artifacts/backtests/healthcare/hr_bpm_test.npz,True,reports/healthcare/model_cards/hr_bpm.md,True,reports/healthcare/runtime_summary.csv,True,reports/healthcare/runtime_comparator_summary.csv,True,reports/healthcare/runtime_negative_controls.csv,True,reports/healthcare/runtime_ablation_summary.csv,True,reports/publication/three_domain_ml_benchmark.csv;reports/publication/three_domain_forecast_calibration_runtime_evidence.csv;reports/publication/utility_preserving_safety_scorecard.csv;reports/publication/model_quality_gate.json,True,not_applicable,,PARTIAL,Configured quantile_gbm is treated as an uncertainty/calibration component; no independent checkpoint or model-quality metric key found.
Healthcare,MIMIC-III retrospective healthcare vital signs,hr_bpm,dl_lstm,lstm,candidate_model,configs/train_forecast_healthcare.yaml,data/healthcare/mimic3/processed/mimic3_healthcare_orius.csv;data/healthcare/mimic3/processed/mimic3_manifest.json;data/healthcare/processed/features.parquet,True,data/healthcare/processed/splits,True,"{""calibration"": 8872, ""test"": 22800, ""train"": 100929, ""val"": 14087}",artifacts/models_healthcare/lstm_hr_bpm.pt,True,reports/healthcare/week2_metrics.json,True,artifacts/uncertainty/healthcare/lstm_hr_bpm_conformal.json,True,artifacts/backtests/healthcare/lstm_hr_bpm_test.npz,True,reports/healthcare/model_cards/hr_bpm.md,True,reports/healthcare/runtime_summary.csv,True,reports/healthcare/runtime_comparator_summary.csv,True,reports/healthcare/runtime_negative_controls.csv,True,reports/healthcare/runtime_ablation_summary.csv,True,reports/publication/three_domain_ml_benchmark.csv;reports/publication/three_domain_forecast_calibration_runtime_evidence.csv;reports/publication/utility_preserving_safety_scorecard.csv;reports/publication/model_quality_gate.json,True,block,missing train split metrics for overfit/underfit audit; missing validation split metrics for overfit audit; underfit risk: r2 -1.240 is below policy floor 0.000; architecture evidence missing lookback; architecture evidence missing horizon,PARTIAL,Model-quality gate marks this non-release candidate as blocked: missing train split metrics for overfit/underfit audit; missing validation split metrics for overfit audit; underfit risk: r2 -1.240 is below policy floor 0.000; architecture evidence missing lookback; architecture evidence missing horizon
Healthcare,MIMIC-III retrospective healthcare vital signs,hr_bpm,dl_tcn,tcn,candidate_model,configs/train_forecast_healthcare.yaml,data/healthcare/mimic3/processed/mimic3_healthcare_orius.csv;data/healthcare/mimic3/processed/mimic3_manifest.json;data/healthcare/processed/features.parquet,True,data/healthcare/processed/splits,True,"{""calibration"": 8872, ""test"": 22800, ""train"": 100929, ""val"": 14087}",artifacts/models_healthcare/tcn_hr_bpm.pt,True,reports/healthcare/week2_metrics.json,True,artifacts/uncertainty/healthcare/tcn_hr_bpm_conformal.json,True,artifacts/backtests/healthcare/tcn_hr_bpm_test.npz,True,reports/healthcare/model_cards/hr_bpm.md,True,reports/healthcare/runtime_summary.csv,True,reports/healthcare/runtime_comparator_summary.csv,True,reports/healthcare/runtime_negative_controls.csv,True,reports/healthcare/runtime_ablation_summary.csv,True,reports/publication/three_domain_ml_benchmark.csv;reports/publication/three_domain_forecast_calibration_runtime_evidence.csv;reports/publication/utility_preserving_safety_scorecard.csv;reports/publication/model_quality_gate.json,True,block,missing train split metrics for overfit/underfit audit; missing validation split metrics for overfit audit; architecture evidence missing lookback; architecture evidence missing horizon; architecture evidence missing gradient_clip,PARTIAL,Model-quality gate marks this non-release candidate as blocked: missing train split metrics for overfit/underfit audit; missing validation split metrics for overfit audit; architecture evidence missing lookback; architecture evidence missing horizon; architecture evidence missing gradient_clip
Healthcare,MIMIC-III retrospective healthcare vital signs,hr_bpm,dl_nbeats,nbeats,candidate_model,configs/train_forecast_healthcare.yaml,data/healthcare/mimic3/processed/mimic3_healthcare_orius.csv;data/healthcare/mimic3/processed/mimic3_manifest.json;data/healthcare/processed/features.parquet,True,data/healthcare/processed/splits,True,"{""calibration"": 8872, ""test"": 22800, ""train"": 100929, ""val"": 14087}",artifacts/models_healthcare/nbeats_hr_bpm.pt,True,reports/healthcare/week2_metrics.json,True,artifacts/uncertainty/healthcare/nbeats_hr_bpm_conformal.json,True,artifacts/backtests/healthcare/nbeats_hr_bpm_test.npz,True,reports/healthcare/model_cards/hr_bpm.md,True,reports/healthcare/runtime_summary.csv,True,reports/healthcare/runtime_comparator_summary.csv,True,reports/healthcare/runtime_negative_controls.csv,True,reports/healthcare/runtime_ablation_summary.csv,True,reports/publication/three_domain_ml_benchmark.csv;reports/publication/three_domain_forecast_calibration_runtime_evidence.csv;reports/publication/utility_preserving_safety_scorecard.csv;reports/publication/model_quality_gate.json,True,block,missing train split metrics for overfit/underfit audit; missing validation split metrics for overfit audit; architecture evidence missing lookback; architecture evidence missing horizon; architecture evidence missing gradient_clip,PARTIAL,Model-quality gate marks this non-release candidate as blocked: missing train split metrics for overfit/underfit audit; missing validation split metrics for overfit audit; architecture evidence missing lookback; architecture evidence missing horizon; architecture evidence missing gradient_clip
Healthcare,MIMIC-III retrospective healthcare vital signs,hr_bpm,dl_tft,tft,candidate_model,configs/train_forecast_healthcare.yaml,data/healthcare/mimic3/processed/mimic3_healthcare_orius.csv;data/healthcare/mimic3/processed/mimic3_manifest.json;data/healthcare/processed/features.parquet,True,data/healthcare/processed/splits,True,"{""calibration"": 8872, ""test"": 22800, ""train"": 100929, ""val"": 14087}",artifacts/models_healthcare/tft_hr_bpm.pt,True,reports/healthcare/week2_metrics.json,True,artifacts/uncertainty/healthcare/tft_hr_bpm_conformal.json,True,artifacts/backtests/healthcare/tft_hr_bpm_test.npz,True,reports/healthcare/model_cards/hr_bpm.md,True,reports/healthcare/runtime_summary.csv,True,reports/healthcare/runtime_comparator_summary.csv,True,reports/healthcare/runtime_negative_controls.csv,True,reports/healthcare/runtime_ablation_summary.csv,True,reports/publication/three_domain_ml_benchmark.csv;reports/publication/three_domain_forecast_calibration_runtime_evidence.csv;reports/publication/utility_preserving_safety_scorecard.csv;reports/publication/model_quality_gate.json,True,block,missing train split metrics for overfit/underfit audit; missing validation split metrics for overfit audit; underfit risk: r2 -0.292 is below policy floor 0.000; architecture evidence missing lookback; architecture evidence missing horizon,PARTIAL,Model-quality gate marks this non-release candidate as blocked: missing train split metrics for overfit/underfit audit; missing validation split metrics for overfit audit; underfit risk: r2 -0.292 is below policy floor 0.000; architecture evidence missing lookback; architecture evidence missing horizon
Healthcare,MIMIC-III retrospective healthcare vital signs,hr_bpm,dl_patchtst,patchtst,candidate_model,configs/train_forecast_healthcare.yaml,data/healthcare/mimic3/processed/mimic3_healthcare_orius.csv;data/healthcare/mimic3/processed/mimic3_manifest.json;data/healthcare/processed/features.parquet,True,data/healthcare/processed/splits,True,"{""calibration"": 8872, ""test"": 22800, ""train"": 100929, ""val"": 14087}",artifacts/models_healthcare/patchtst_hr_bpm.pt,True,reports/healthcare/week2_metrics.json,True,artifacts/uncertainty/healthcare/patchtst_hr_bpm_conformal.json,True,artifacts/backtests/healthcare/patchtst_hr_bpm_test.npz,True,reports/healthcare/model_cards/hr_bpm.md,True,reports/healthcare/runtime_summary.csv,True,reports/healthcare/runtime_comparator_summary.csv,True,reports/healthcare/runtime_negative_controls.csv,True,reports/healthcare/runtime_ablation_summary.csv,True,reports/publication/three_domain_ml_benchmark.csv;reports/publication/three_domain_forecast_calibration_runtime_evidence.csv;reports/publication/utility_preserving_safety_scorecard.csv;reports/publication/model_quality_gate.json,True,block,missing train split metrics for overfit/underfit audit; missing validation split metrics for overfit audit; architecture evidence missing lookback; architecture evidence missing horizon; architecture evidence missing gradient_clip,PARTIAL,Model-quality gate marks this non-release candidate as blocked: missing train split metrics for overfit/underfit audit; missing validation split metrics for overfit audit; architecture evidence missing lookback; architecture evidence missing horizon; architecture evidence missing gradient_clip
Healthcare,MIMIC-III retrospective healthcare vital signs,spo2_pct,baseline_gbm,gbm,release_model,configs/train_forecast_healthcare.yaml,data/healthcare/mimic3/processed/mimic3_healthcare_orius.csv;data/healthcare/mimic3/processed/mimic3_manifest.json;data/healthcare/processed/features.parquet,True,data/healthcare/processed/splits,True,"{""calibration"": 8872, ""test"": 22800, ""train"": 100929, ""val"": 14087}",artifacts/models_healthcare/gbm_lightgbm_spo2_pct.pkl,True,reports/healthcare/week2_metrics.json,True,artifacts/uncertainty/healthcare/gbm_spo2_pct_conformal.json,True,artifacts/backtests/healthcare/gbm_spo2_pct_test.npz,True,reports/healthcare/model_cards/spo2_pct.md,True,reports/healthcare/runtime_summary.csv,True,reports/healthcare/runtime_comparator_summary.csv,True,reports/healthcare/runtime_negative_controls.csv,True,reports/healthcare/runtime_ablation_summary.csv,True,reports/publication/three_domain_ml_benchmark.csv;reports/publication/three_domain_forecast_calibration_runtime_evidence.csv;reports/publication/utility_preserving_safety_scorecard.csv;reports/publication/model_quality_gate.json,True,pass,,COMPLETE,"Verified from active config, artifacts, metrics, calibration/backtest, runtime, and publication evidence."
Healthcare,MIMIC-III retrospective healthcare vital signs,spo2_pct,quantile_gbm,quantile_gbm,uncertainty_component,configs/train_forecast_healthcare.yaml,data/healthcare/mimic3/processed/mimic3_healthcare_orius.csv;data/healthcare/mimic3/processed/mimic3_manifest.json;data/healthcare/processed/features.parquet,True,data/healthcare/processed/splits,True,"{""calibration"": 8872, ""test"": 22800, ""train"": 100929, ""val"": 14087}",,False,reports/healthcare/week2_metrics.json,False,artifacts/uncertainty/healthcare/spo2_pct_conformal.json,True,artifacts/backtests/healthcare/spo2_pct_test.npz,True,reports/healthcare/model_cards/spo2_pct.md,True,reports/healthcare/runtime_summary.csv,True,reports/healthcare/runtime_comparator_summary.csv,True,reports/healthcare/runtime_negative_controls.csv,True,reports/healthcare/runtime_ablation_summary.csv,True,reports/publication/three_domain_ml_benchmark.csv;reports/publication/three_domain_forecast_calibration_runtime_evidence.csv;reports/publication/utility_preserving_safety_scorecard.csv;reports/publication/model_quality_gate.json,True,not_applicable,,PARTIAL,Configured quantile_gbm is treated as an uncertainty/calibration component; no independent checkpoint or model-quality metric key found.
Healthcare,MIMIC-III retrospective healthcare vital signs,spo2_pct,dl_lstm,lstm,candidate_model,configs/train_forecast_healthcare.yaml,data/healthcare/mimic3/processed/mimic3_healthcare_orius.csv;data/healthcare/mimic3/processed/mimic3_manifest.json;data/healthcare/processed/features.parquet,True,data/healthcare/processed/splits,True,"{""calibration"": 8872, ""test"": 22800, ""train"": 100929, ""val"": 14087}",artifacts/models_healthcare/lstm_spo2_pct.pt,True,reports/healthcare/week2_metrics.json,True,artifacts/uncertainty/healthcare/lstm_spo2_pct_conformal.json,True,artifacts/backtests/healthcare/lstm_spo2_pct_test.npz,True,reports/healthcare/model_cards/spo2_pct.md,True,reports/healthcare/runtime_summary.csv,True,reports/healthcare/runtime_comparator_summary.csv,True,reports/healthcare/runtime_negative_controls.csv,True,reports/healthcare/runtime_ablation_summary.csv,True,reports/publication/three_domain_ml_benchmark.csv;reports/publication/three_domain_forecast_calibration_runtime_evidence.csv;reports/publication/utility_preserving_safety_scorecard.csv;reports/publication/model_quality_gate.json,True,block,validation/test drift: test/validation RMSE ratio 1.629 exceeds policy,PARTIAL,Model-quality gate marks this non-release candidate as blocked: validation/test drift: test/validation RMSE ratio 1.629 exceeds policy
Healthcare,MIMIC-III retrospective healthcare vital signs,spo2_pct,dl_tcn,tcn,candidate_model,configs/train_forecast_healthcare.yaml,data/healthcare/mimic3/processed/mimic3_healthcare_orius.csv;data/healthcare/mimic3/processed/mimic3_manifest.json;data/healthcare/processed/features.parquet,True,data/healthcare/processed/splits,True,"{""calibration"": 8872, ""test"": 22800, ""train"": 100929, ""val"": 14087}",artifacts/models_healthcare/tcn_spo2_pct.pt,True,reports/healthcare/week2_metrics.json,True,artifacts/uncertainty/healthcare/tcn_spo2_pct_conformal.json,True,artifacts/backtests/healthcare/tcn_spo2_pct_test.npz,True,reports/healthcare/model_cards/spo2_pct.md,True,reports/healthcare/runtime_summary.csv,True,reports/healthcare/runtime_comparator_summary.csv,True,reports/healthcare/runtime_negative_controls.csv,True,reports/healthcare/runtime_ablation_summary.csv,True,reports/publication/three_domain_ml_benchmark.csv;reports/publication/three_domain_forecast_calibration_runtime_evidence.csv;reports/publication/utility_preserving_safety_scorecard.csv;reports/publication/model_quality_gate.json,True,block,validation/test drift: test/validation RMSE ratio 1.467 exceeds policy,PARTIAL,Model-quality gate marks this non-release candidate as blocked: validation/test drift: test/validation RMSE ratio 1.467 exceeds policy
Healthcare,MIMIC-III retrospective healthcare vital signs,spo2_pct,dl_nbeats,nbeats,candidate_model,configs/train_forecast_healthcare.yaml,data/healthcare/mimic3/processed/mimic3_healthcare_orius.csv;data/healthcare/mimic3/processed/mimic3_manifest.json;data/healthcare/processed/features.parquet,True,data/healthcare/processed/splits,True,"{""calibration"": 8872, ""test"": 22800, ""train"": 100929, ""val"": 14087}",artifacts/models_healthcare/nbeats_spo2_pct.pt,True,reports/healthcare/week2_metrics.json,True,artifacts/uncertainty/healthcare/nbeats_spo2_pct_conformal.json,True,artifacts/backtests/healthcare/nbeats_spo2_pct_test.npz,True,reports/healthcare/model_cards/spo2_pct.md,True,reports/healthcare/runtime_summary.csv,True,reports/healthcare/runtime_comparator_summary.csv,True,reports/healthcare/runtime_negative_controls.csv,True,reports/healthcare/runtime_ablation_summary.csv,True,reports/publication/three_domain_ml_benchmark.csv;reports/publication/three_domain_forecast_calibration_runtime_evidence.csv;reports/publication/utility_preserving_safety_scorecard.csv;reports/publication/model_quality_gate.json,True,block,validation/test drift: test/validation RMSE ratio 1.899 exceeds policy; calibration under-coverage: PICP@90 0.694 below policy,PARTIAL,Model-quality gate marks this non-release candidate as blocked: validation/test drift: test/validation RMSE ratio 1.899 exceeds policy; calibration under-coverage: PICP@90 0.694 below policy
Healthcare,MIMIC-III retrospective healthcare vital signs,spo2_pct,dl_tft,tft,candidate_model,configs/train_forecast_healthcare.yaml,data/healthcare/mimic3/processed/mimic3_healthcare_orius.csv;data/healthcare/mimic3/processed/mimic3_manifest.json;data/healthcare/processed/features.parquet,True,data/healthcare/processed/splits,True,"{""calibration"": 8872, ""test"": 22800, ""train"": 100929, ""val"": 14087}",artifacts/models_healthcare/tft_spo2_pct.pt,True,reports/healthcare/week2_metrics.json,True,artifacts/uncertainty/healthcare/tft_spo2_pct_conformal.json,True,artifacts/backtests/healthcare/tft_spo2_pct_test.npz,True,reports/healthcare/model_cards/spo2_pct.md,True,reports/healthcare/runtime_summary.csv,True,reports/healthcare/runtime_comparator_summary.csv,True,reports/healthcare/runtime_negative_controls.csv,True,reports/healthcare/runtime_ablation_summary.csv,True,reports/publication/three_domain_ml_benchmark.csv;reports/publication/three_domain_forecast_calibration_runtime_evidence.csv;reports/publication/utility_preserving_safety_scorecard.csv;reports/publication/model_quality_gate.json,True,pass,,COMPLETE,"Verified from active config, artifacts, metrics, calibration/backtest, runtime, and publication evidence."
Healthcare,MIMIC-III retrospective healthcare vital signs,spo2_pct,dl_patchtst,patchtst,candidate_model,configs/train_forecast_healthcare.yaml,data/healthcare/mimic3/processed/mimic3_healthcare_orius.csv;data/healthcare/mimic3/processed/mimic3_manifest.json;data/healthcare/processed/features.parquet,True,data/healthcare/processed/splits,True,"{""calibration"": 8872, ""test"": 22800, ""train"": 100929, ""val"": 14087}",artifacts/models_healthcare/patchtst_spo2_pct.pt,True,reports/healthcare/week2_metrics.json,True,artifacts/uncertainty/healthcare/patchtst_spo2_pct_conformal.json,True,artifacts/backtests/healthcare/patchtst_spo2_pct_test.npz,True,reports/healthcare/model_cards/spo2_pct.md,True,reports/healthcare/runtime_summary.csv,True,reports/healthcare/runtime_comparator_summary.csv,True,reports/healthcare/runtime_negative_controls.csv,True,reports/healthcare/runtime_ablation_summary.csv,True,reports/publication/three_domain_ml_benchmark.csv;reports/publication/three_domain_forecast_calibration_runtime_evidence.csv;reports/publication/utility_preserving_safety_scorecard.csv;reports/publication/model_quality_gate.json,True,block,validation/test drift: test/validation RMSE ratio 1.991 exceeds policy; underfit risk: r2 -0.097 is below policy floor 0.000; calibration under-coverage: PICP@90 0.579 below policy,PARTIAL,Model-quality gate marks this non-release candidate as blocked: validation/test drift: test/validation RMSE ratio 1.991 exceeds policy; underfit risk: r2 -0.097 is below policy floor 0.000; calibration under-coverage: PICP@90 0.579 below policy
Healthcare,MIMIC-III retrospective healthcare vital signs,respiratory_rate,baseline_gbm,gbm,release_model,configs/train_forecast_healthcare.yaml,data/healthcare/mimic3/processed/mimic3_healthcare_orius.csv;data/healthcare/mimic3/processed/mimic3_manifest.json;data/healthcare/processed/features.parquet,True,data/healthcare/processed/splits,True,"{""calibration"": 8872, ""test"": 22800, ""train"": 100929, ""val"": 14087}",artifacts/models_healthcare/gbm_lightgbm_respiratory_rate.pkl,True,reports/healthcare/week2_metrics.json,True,artifacts/uncertainty/healthcare/gbm_respiratory_rate_conformal.json,True,artifacts/backtests/healthcare/gbm_respiratory_rate_test.npz,True,reports/healthcare/model_cards/respiratory_rate.md,True,reports/healthcare/runtime_summary.csv,True,reports/healthcare/runtime_comparator_summary.csv,True,reports/healthcare/runtime_negative_controls.csv,True,reports/healthcare/runtime_ablation_summary.csv,True,reports/publication/three_domain_ml_benchmark.csv;reports/publication/three_domain_forecast_calibration_runtime_evidence.csv;reports/publication/utility_preserving_safety_scorecard.csv;reports/publication/model_quality_gate.json,True,pass,,COMPLETE,"Verified from active config, artifacts, metrics, calibration/backtest, runtime, and publication evidence."
Healthcare,MIMIC-III retrospective healthcare vital signs,respiratory_rate,quantile_gbm,quantile_gbm,uncertainty_component,configs/train_forecast_healthcare.yaml,data/healthcare/mimic3/processed/mimic3_healthcare_orius.csv;data/healthcare/mimic3/processed/mimic3_manifest.json;data/healthcare/processed/features.parquet,True,data/healthcare/processed/splits,True,"{""calibration"": 8872, ""test"": 22800, ""train"": 100929, ""val"": 14087}",,False,reports/healthcare/week2_metrics.json,False,artifacts/uncertainty/healthcare/respiratory_rate_conformal.json,True,artifacts/backtests/healthcare/respiratory_rate_test.npz,True,reports/healthcare/model_cards/respiratory_rate.md,True,reports/healthcare/runtime_summary.csv,True,reports/healthcare/runtime_comparator_summary.csv,True,reports/healthcare/runtime_negative_controls.csv,True,reports/healthcare/runtime_ablation_summary.csv,True,reports/publication/three_domain_ml_benchmark.csv;reports/publication/three_domain_forecast_calibration_runtime_evidence.csv;reports/publication/utility_preserving_safety_scorecard.csv;reports/publication/model_quality_gate.json,True,not_applicable,,PARTIAL,Configured quantile_gbm is treated as an uncertainty/calibration component; no independent checkpoint or model-quality metric key found.
Healthcare,MIMIC-III retrospective healthcare vital signs,respiratory_rate,dl_lstm,lstm,candidate_model,configs/train_forecast_healthcare.yaml,data/healthcare/mimic3/processed/mimic3_healthcare_orius.csv;data/healthcare/mimic3/processed/mimic3_manifest.json;data/healthcare/processed/features.parquet,True,data/healthcare/processed/splits,True,"{""calibration"": 8872, ""test"": 22800, ""train"": 100929, ""val"": 14087}",artifacts/models_healthcare/lstm_respiratory_rate.pt,True,reports/healthcare/week2_metrics.json,True,artifacts/uncertainty/healthcare/lstm_respiratory_rate_conformal.json,True,artifacts/backtests/healthcare/lstm_respiratory_rate_test.npz,True,reports/healthcare/model_cards/respiratory_rate.md,True,reports/healthcare/runtime_summary.csv,True,reports/healthcare/runtime_comparator_summary.csv,True,reports/healthcare/runtime_negative_controls.csv,True,reports/healthcare/runtime_ablation_summary.csv,True,reports/publication/three_domain_ml_benchmark.csv;reports/publication/three_domain_forecast_calibration_runtime_evidence.csv;reports/publication/utility_preserving_safety_scorecard.csv;reports/publication/model_quality_gate.json,True,pass,,COMPLETE,"Verified from active config, artifacts, metrics, calibration/backtest, runtime, and publication evidence."
Healthcare,MIMIC-III retrospective healthcare vital signs,respiratory_rate,dl_tcn,tcn,candidate_model,configs/train_forecast_healthcare.yaml,data/healthcare/mimic3/processed/mimic3_healthcare_orius.csv;data/healthcare/mimic3/processed/mimic3_manifest.json;data/healthcare/processed/features.parquet,True,data/healthcare/processed/splits,True,"{""calibration"": 8872, ""test"": 22800, ""train"": 100929, ""val"": 14087}",artifacts/models_healthcare/tcn_respiratory_rate.pt,True,reports/healthcare/week2_metrics.json,True,artifacts/uncertainty/healthcare/tcn_respiratory_rate_conformal.json,True,artifacts/backtests/healthcare/tcn_respiratory_rate_test.npz,True,reports/healthcare/model_cards/respiratory_rate.md,True,reports/healthcare/runtime_summary.csv,True,reports/healthcare/runtime_comparator_summary.csv,True,reports/healthcare/runtime_negative_controls.csv,True,reports/healthcare/runtime_ablation_summary.csv,True,reports/publication/three_domain_ml_benchmark.csv;reports/publication/three_domain_forecast_calibration_runtime_evidence.csv;reports/publication/utility_preserving_safety_scorecard.csv;reports/publication/model_quality_gate.json,True,pass,,COMPLETE,"Verified from active config, artifacts, metrics, calibration/backtest, runtime, and publication evidence."
Healthcare,MIMIC-III retrospective healthcare vital signs,respiratory_rate,dl_nbeats,nbeats,candidate_model,configs/train_forecast_healthcare.yaml,data/healthcare/mimic3/processed/mimic3_healthcare_orius.csv;data/healthcare/mimic3/processed/mimic3_manifest.json;data/healthcare/processed/features.parquet,True,data/healthcare/processed/splits,True,"{""calibration"": 8872, ""test"": 22800, ""train"": 100929, ""val"": 14087}",artifacts/models_healthcare/nbeats_respiratory_rate.pt,True,reports/healthcare/week2_metrics.json,True,artifacts/uncertainty/healthcare/nbeats_respiratory_rate_conformal.json,True,artifacts/backtests/healthcare/nbeats_respiratory_rate_test.npz,True,reports/healthcare/model_cards/respiratory_rate.md,True,reports/healthcare/runtime_summary.csv,True,reports/healthcare/runtime_comparator_summary.csv,True,reports/healthcare/runtime_negative_controls.csv,True,reports/healthcare/runtime_ablation_summary.csv,True,reports/publication/three_domain_ml_benchmark.csv;reports/publication/three_domain_forecast_calibration_runtime_evidence.csv;reports/publication/utility_preserving_safety_scorecard.csv;reports/publication/model_quality_gate.json,True,pass,,COMPLETE,"Verified from active config, artifacts, metrics, calibration/backtest, runtime, and publication evidence."
Healthcare,MIMIC-III retrospective healthcare vital signs,respiratory_rate,dl_tft,tft,candidate_model,configs/train_forecast_healthcare.yaml,data/healthcare/mimic3/processed/mimic3_healthcare_orius.csv;data/healthcare/mimic3/processed/mimic3_manifest.json;data/healthcare/processed/features.parquet,True,data/healthcare/processed/splits,True,"{""calibration"": 8872, ""test"": 22800, ""train"": 100929, ""val"": 14087}",artifacts/models_healthcare/tft_respiratory_rate.pt,True,reports/healthcare/week2_metrics.json,True,artifacts/uncertainty/healthcare/tft_respiratory_rate_conformal.json,True,artifacts/backtests/healthcare/tft_respiratory_rate_test.npz,True,reports/healthcare/model_cards/respiratory_rate.md,True,reports/healthcare/runtime_summary.csv,True,reports/healthcare/runtime_comparator_summary.csv,True,reports/healthcare/runtime_negative_controls.csv,True,reports/healthcare/runtime_ablation_summary.csv,True,reports/publication/three_domain_ml_benchmark.csv;reports/publication/three_domain_forecast_calibration_runtime_evidence.csv;reports/publication/utility_preserving_safety_scorecard.csv;reports/publication/model_quality_gate.json,True,pass,,COMPLETE,"Verified from active config, artifacts, metrics, calibration/backtest, runtime, and publication evidence."
Healthcare,MIMIC-III retrospective healthcare vital signs,respiratory_rate,dl_patchtst,patchtst,candidate_model,configs/train_forecast_healthcare.yaml,data/healthcare/mimic3/processed/mimic3_healthcare_orius.csv;data/healthcare/mimic3/processed/mimic3_manifest.json;data/healthcare/processed/features.parquet,True,data/healthcare/processed/splits,True,"{""calibration"": 8872, ""test"": 22800, ""train"": 100929, ""val"": 14087}",artifacts/models_healthcare/patchtst_respiratory_rate.pt,True,reports/healthcare/week2_metrics.json,True,artifacts/uncertainty/healthcare/patchtst_respiratory_rate_conformal.json,True,artifacts/backtests/healthcare/patchtst_respiratory_rate_test.npz,True,reports/healthcare/model_cards/respiratory_rate.md,True,reports/healthcare/runtime_summary.csv,True,reports/healthcare/runtime_comparator_summary.csv,True,reports/healthcare/runtime_negative_controls.csv,True,reports/healthcare/runtime_ablation_summary.csv,True,reports/publication/three_domain_ml_benchmark.csv;reports/publication/three_domain_forecast_calibration_runtime_evidence.csv;reports/publication/utility_preserving_safety_scorecard.csv;reports/publication/model_quality_gate.json,True,pass,,COMPLETE,"Verified from active config, artifacts, metrics, calibration/backtest, runtime, and publication evidence."
