bin_id,reliability_lower,reliability_upper,n,picp,mean_interval_width,qhat
0,0.0,0.25,0,,,0.5354000000006636
1,0.25,0.5,0,,,0.5354000000006636
2,0.5,0.75,22,0.9545454545454546,4831.766731818181,0.40919000000049005
3,0.75,1.0,74,0.918918918918919,1364.4006783783782,12.97048000000025
