fault_type,count,covered,miss_count,avg_interval_width,avg_abs_residual,empirical_coverage,under_coverage_gap
delay_jitter,1019,1015,4,7.538906965670674,0.4739531529707696,0.9960745829244357,0.0
drift_combo,887,887,0,6.757432572224376,0.43245915466370616,1.0,0.0
dropout,128,128,0,7.566462401343873,0.1554240910572398,1.0,0.0
out_of_order,1162,1162,0,6.615446549152764,0.4147932591637591,1.0,0.0
spikes,398,398,0,6.662574673744628,0.29125806200445875,1.0,0.0
stale,572,572,0,7.304589806701974,0.41909923101151014,1.0,0.0
