reliability_bin,count,covered,miss_count,avg_interval_width,avg_abs_residual,empirical_coverage,under_coverage_gap
0,889,889,0,9.099830999255476,0.4466267661050467,1.0,0.0
1,1006,1006,0,7.617819858490303,0.43066466011782095,1.0,0.0
2,727,726,1,6.54537028538474,0.45420626934779457,0.9986244841815681,0.0
3,721,721,0,5.942004552597763,0.3253664170089415,1.0,0.0
4,823,820,3,4.795591543620357,0.3413206872143815,0.9963547995139733,0.0
