reliability_bin,count,covered,miss_count,avg_interval_width,avg_abs_residual,empirical_coverage,under_coverage_gap
0,877,875,2,9.013762901691909,0.4890792722935597,0.9977194982896237,0.0
1,1104,1100,4,7.481607913611317,0.4175766781867884,0.9963768115942029,0.0
2,854,854,0,6.2713382706449385,0.35724969558715614,1.0,0.0
3,867,865,2,5.949603794527398,0.33574856158098704,0.9976931949250288,0.0
4,960,959,1,4.831467722468151,0.3088289821841662,0.9989583333333333,0.0
