volatility_bin,count,covered,miss_count,avg_interval_width,avg_abs_residual,empirical_coverage,under_coverage_gap
0,2616,2616,0,6.3375506475425665,0.35077658840286124,1.0,0.0
1,616,612,4,6.872071787394994,0.4236075953098216,0.9935064935064936,0.0
2,443,443,0,6.874861271517529,0.3814886932306044,1.0,0.0
3,202,202,0,6.971930228684421,0.4052761759369543,1.0,0.0
4,289,289,0,8.268530405318737,0.5121716975238402,1.0,0.0
