controller,tsvr,fallback_activation_rate,useful_work_total,n_steps
always_brake,0.0,1.0,69226.11567340209,1531104
baseline,0.28925010972474763,0.0,232086.71439500828,1531104
nonreliability_conformal_runtime,0.27736783392898195,0.0,229464.54330640257,1531104
orius,0.0001626277509561728,0.17371582857859427,116191.50370666239,1531104
predictor_only_no_runtime,0.2893088908395511,0.0,232083.1718934556,1531104
robust_fixed_deceleration,0.2523192415407445,0.0,162409.37168752385,1531104
rss_cbf_filter,0.07795224883482768,0.0,209747.53530313447,1531104
stale_certificate_no_temporal_guard,0.2636104405709867,0.0,223081.7117881286,1531104
