bin_id,reliability_lower,reliability_upper,count,coverage,avg_width,qhat
0,0.000000,0.462689,391,0.900256,3.402559,1.701279
1,0.462689,0.730763,391,0.884910,1.944970,0.972485
2,0.730763,1.000000,418,0.880383,1.487295,0.743648
